cod_ibge,municipio,lat,lon,data,municipio_met,lat_met,lon_met,tmax,tmin,tmedia_ref,umidade_media,vento_max,radiacao,fonte,tmedia,heat_index,utci_proxy,limiar_p95_tmedia,p95_tmedia_origem,excesso_tmedia_p95,dia_acima_p95_tmedia,duracao_onda_calor_dias,onda_calor_p95_2d,evento_onda_calor_id,intensidade_onda_calor,severidade_onda_calor,tmedia_3d,tmedia_30d,ehf_adaptado,risco_calor_diario,risco_cumulativo_3d,municipio_press,atendimentos_total,atendimentos_calor,pressao_calor_pct,fonte_pressao,zscore_pressao,ewma_pressao,cusum_pressao,municipio_cap,municipio_stock,autonomia_min_dias,municipio_infra,unidades,unidades_falha,falhas_infra_pct,municipio_busca,cobertura_busca_pct,municipio_com,hora_alerta_inmet,hora_boletim_municipal,canal,status,latencia_horas,municipio_sivep,casos_srag,uti,obitos,letalidade_pct,zscore_srag,municipio_lacen,testes,positivos,positividade_pct,zscore_positividade,municipio_sim,obitos_total,obitos_calor_suspeitos,municipio_rum,rumores_total,score_sentinela,rumores_criticos,municipio_ar,pm25_ugm3,pm10_ugm3,o3_ugm3,no2_ugm3,co_mgm3,so2_ugm3,fonte_ar,lat_ar,lon_ar,iq_ar_score,qualidade_ar_nivel,poluente_dominante,motivo_qualidade_ar,indice_qualidade_ar_operacional,latencia_comunicacao_horas,positividade_lacen_pct,indice_resiliencia,resil_capacidade_leitos,resil_estoque,resil_infraestrutura,resil_busca_ativa,resil_comunicacao,nivel,score,motivo,data_referencia,ocupacao_leitos_pct,leitos_total,leitos_sus,leitos_ocupados,leitos_bloqueados_movimento,leitos_higienizacao,leitos_reservados,ultima_movimentacao_ocupacao,fonte_ocupacao,leitos_livres
5100102,Acorizal,-15.160222222222224,-56.31262962962963,2026-07-29,Acorizal,-15.160222222222224,-56.31262962962963,35.4,27.7,,44.0,17.1,,openmeteo,31.549999999999997,39.32335973969776,33.76,31.15,p95_proxy_previsao_q70,0.3999999999999986,1,2,1,1,0.3999999999999986,1,31.466666666666665,29.95,,5.490839934924436,17.95081735549722,,,,,,,,,,,,,,,,,,,,,,,,,0,,,,,,,,,,,,0,,,0,,,,,,,,,,,,,,,,,,0,13.6,54.3,0,0,0,0,vermelha,3,UTCI/proxy 33.8 entre 32 e 38; Tmax 35.4 sem gatilho; risco cumulativo 3d 17.95 atingiu vermelha; onda de calor P95 ≥ 2 dias detectada; pressão assistencial indisponível; ocupação de leitos 45.65 sem gatilho; z-score assistencial indisponível; Autonomia de insumos indisponível/infinita; falhas infraestrutura % indisponível,2026-07-29,45.6541947478503,,,,,,,,INDICASUS_TEMPO_REAL_ESTADUAL_FALLBACK,
5100201,Água Boa,-14.090359999999999,-52.463145454545455,2026-07-29,Água Boa,-14.090359999999999,-52.463145454545455,37.3,24.8,,34.0,14.1,,openmeteo,31.049999999999997,39.55874547913564,35.5,29.82,p95_proxy_previsao_q70,1.2299999999999969,1,2,1,1,1.2299999999999969,2,30.3,29.42142857142857,,8.119686369783906,18.76067841633283,,,,,,,,,,,,,,,,,,,,,,,,,0,,,,,,,,,,,,0,,,0,,,,,,,,,,,,,,,,,,0,15.9,63.6,0,0,0,0,roxa,4,UTCI/proxy 35.5 entre 32 e 38; Tmax 37.3 >= 37; risco cumulativo 3d 18.76 atingiu roxa; onda de calor P95 ≥ 2 dias detectada; pressão assistencial indisponível; ocupação de leitos 36.39 sem gatilho; z-score assistencial indisponível; Autonomia de insumos indisponível/infinita; falhas infraestrutura % indisponível,2026-07-29,36.3924050632911,948,585,345,166,166,9,2026-06-19 09:25:00,INDICASUS_TEMPO_REAL,603.0
5100250,Alta Floresta,-9.8756,-56.0861,2026-07-29,Alta Floresta,-10.07979,-56.35312625,32.9,22.7,,76.0,5.6,,openmeteo,27.799999999999997,45.827955332015485,32.54,29.83,p95_proxy_previsao_q70,0.0,0,0,0,0,0.0,0,27.866666666666664,29.57833333333333,,3.9969888330038703,12.122981253790543,,,,,,,,,,,,,,,,,,,,,,,,,0,,,,,,,,,,,,0,,,0,,,,,,,,,,,,,,,,,,0,14.0,56.1,0,0,0,0,vermelha,3,UTCI/proxy 32.5 entre 32 e 38; Tmax 32.9 sem gatilho; risco cumulativo 3d 12.12 atingiu vermelha; onda de calor P95 ≥ 2 dias não detectada; pressão assistencial indisponível; ocupação de leitos 43.85 sem gatilho; z-score assistencial indisponível; Autonomia de insumos indisponível/infinita; falhas infraestrutura % indisponível,2026-07-29,43.8538205980066,602,495,264,31,221,0,2026-06-19 10:00:00,INDICASUS_TEMPO_REAL,338.0
5100300,Alto Araguaia,-17.51334561403509,-53.45525438596491,2026-07-29,Alto Araguaia,-17.51334561403509,-53.45525438596491,33.8,23.0,,36.0,17.3,,openmeteo,28.4,34.16521181628452,32.0,27.52,p95_proxy_previsao_q70,0.879999999999999,1,2,1,1,0.879999999999999,1,27.883333333333336,27.00714285714286,,2.9213029540711286,6.697972063957822,,,,,,,,,,,,,,,,,,,,,,,,,0,,,,,,,,,,,,0,,,0,,,,,,,,,,,,,,,,,,0,13.6,54.3,0,0,0,0,amarela,1,UTCI/proxy 32.0 entre 26 e 32; Tmax 33.8 sem gatilho; risco cumulativo 3d 6.70 atingiu amarela; onda de calor P95 ≥ 2 dias detectada; pressão assistencial indisponível; ocupação de leitos 45.65 sem gatilho; z-score assistencial indisponível; Autonomia de insumos indisponível/infinita; falhas infraestrutura % indisponível,2026-07-29,45.6541947478503,,,,,,,,INDICASUS_TEMPO_REAL_ESTADUAL_FALLBACK,
5100359,Alto Boa Vista,-11.814917021276596,-51.729185106382985,2026-07-29,Alto Boa Vista,-11.814917021276596,-51.729185106382985,34.4,22.0,,52.0,7.6,,openmeteo,28.2,40.018925928675564,33.08,27.750000000000004,p95_proxy_previsao_q70,0.44999999999999574,1,1,0,2,0.0,0,27.78333333333333,27.692857142857143,,3.534731482168885,9.751040783662301,,,,,,,,,,,,,,,,,,,,,,,,,0,,,,,,,,,,,,0,,,0,,,,,,,,,,,,,,,,,,0,13.6,54.3,0,0,0,0,laranja,2,UTCI/proxy 33.1 entre 32 e 38; Tmax 34.4 sem gatilho; risco cumulativo 3d 9.75 atingiu laranja; onda de calor P95 ≥ 2 dias não detectada; pressão assistencial indisponível; ocupação de leitos 45.65 sem gatilho; z-score assistencial indisponível; Autonomia de insumos indisponível/infinita; falhas infraestrutura % indisponível,2026-07-29,45.6541947478503,,,,,,,,INDICASUS_TEMPO_REAL_ESTADUAL_FALLBACK,
5100409,Alto Garças,-16.799926666666668,-53.58481777777778,2026-07-29,Alto Garças,-16.799926666666668,-53.58481777777778,33.6,23.7,,34.0,13.8,,openmeteo,28.65,33.46316082547555,31.800000000000004,27.720000000000002,p95_proxy_previsao_q70,0.9299999999999962,1,2,1,1,0.9299999999999962,1,28.099999999999998,26.978571428571428,,2.795790206368883,4.264922171457211,,,,,,,,,,,,,,,,,,,,,,,,,0,,,,,,,,,,,,0,,,0,,,,,,,,,,,,,,,,,,0,13.6,54.3,0,0,0,0,amarela,1,UTCI/proxy 31.8 entre 26 e 32; Tmax 33.6 sem gatilho; risco cumulativo 3d 4.26 atingiu amarela; onda de calor P95 ≥ 2 dias detectada; pressão assistencial indisponível; ocupação de leitos 45.65 sem gatilho; z-score assistencial indisponível; Autonomia de insumos indisponível/infinita; falhas infraestrutura % indisponível,2026-07-29,45.6541947478503,,,,,,,,INDICASUS_TEMPO_REAL_ESTADUAL_FALLBACK,
5100508,Alto Paraguai,-14.74033157894737,-56.647886842105265,2026-07-29,Alto Paraguai,-14.74033157894737,-56.647886842105265,32.8,22.9,,53.0,13.2,,openmeteo,27.849999999999998,36.75246952353772,31.520000000000003,27.5,p95_proxy_previsao_q70,0.34999999999999787,1,1,0,2,0.0,0,27.433333333333337,26.77857142857143,,1.5381173808844277,4.433789269399986,,,,,,,,,,,,,,,,,,,,,,,,,0,,,,,,,,,,,,0,,,0,,,,,,,,,,,,,,,,,,0,13.6,54.3,0,0,0,0,amarela,1,UTCI/proxy 31.5 entre 26 e 32; Tmax 32.8 sem gatilho; risco cumulativo 3d 4.43 atingiu amarela; onda de calor P95 ≥ 2 dias não detectada; pressão assistencial indisponível; ocupação de leitos 45.65 sem gatilho; z-score assistencial indisponível; Autonomia de insumos indisponível/infinita; falhas infraestrutura % indisponível,2026-07-29,45.6541947478503,,,,,,,,INDICASUS_TEMPO_REAL_ESTADUAL_FALLBACK,
5100607,Alto Taquari,-17.811610714285713,-53.30258214285714,2026-07-29,Alto Taquari,-17.811610714285713,-53.30258214285714,31.9,22.5,,34.0,19.7,,openmeteo,27.2,31.20181181377565,30.1,27.5,p95_proxy_previsao_q70,0.0,0,0,0,0,0.0,0,26.616666666666664,25.321428571428573,,0.0,0.15878683715279784,,,,,,,,,,,,,,,,,,,,,,,,,0,,,,,,,,,,,,0,,,0,,,,,,,,,,,,,,,,,,0,13.6,54.3,0,0,0,0,amarela,1,UTCI/proxy 30.1 entre 26 e 32; Tmax 31.9 sem gatilho; risco cumulativo 3d 0.16 sem gatilho; onda de calor P95 ≥ 2 dias não detectada; pressão assistencial indisponível; ocupação de leitos 45.65 sem gatilho; z-score assistencial indisponível; Autonomia de insumos indisponível/infinita; falhas infraestrutura % indisponível,2026-07-29,45.6541947478503,,,,,,,,INDICASUS_TEMPO_REAL_ESTADUAL_FALLBACK,
5100805,Apiacás,-8.792095488721804,-57.82085714285714,2026-07-29,Apiacás,-8.792095488721804,-57.82085714285714,31.3,23.0,,85.0,5.4,,openmeteo,27.15,43.84135015899566,31.300000000000004,27.5,p95_proxy_previsao_q70,0.0,0,0,0,0,0.0,0,26.916666666666668,26.928571428571427,,2.960337539748915,8.66859645241953,,,,,,,,,,,,,,,,,,,,,,,,,0,,,,,,,,,,,,0,,,0,,,,,,,,,,,,,,,,,,0,25.0,100.0,0,0,0,0,laranja,2,UTCI/proxy 31.3 entre 26 e 32; Tmax 31.3 sem gatilho; risco cumulativo 3d 8.67 atingiu laranja; onda de calor P95 ≥ 2 dias não detectada; pressão assistencial indisponível; ocupação de leitos 0.00 sem gatilho; z-score assistencial indisponível; Autonomia de insumos indisponível/infinita; falhas infraestrutura % indisponível,2026-07-29,0.0,8,0,0,0,3,0,2026-02-14 08:00:00,INDICASUS_TEMPO_REAL,8.0
5101001,Araguaiana,-15.10400394736842,-51.77268157894736,2026-07-29,Araguaiana,-15.10400394736842,-51.77268157894736,38.1,25.6,,29.0,15.9,,openmeteo,31.85,39.28281929503114,36.300000000000004,30.659999999999997,p95_proxy_previsao_q70,1.1900000000000048,1,1,0,2,0.0,0,31.166666666666668,30.064285714285713,,7.310704823757794,19.484863785804478,,,,,,,,,,,,,,,,,,,,,,,,,0,,,,,,,,,,,,0,,,0,,,,,,,,,,,,,,,,,,0,13.6,54.3,0,0,0,0,roxa,4,UTCI/proxy 36.3 entre 32 e 38; Tmax 38.1 >= 37; risco cumulativo 3d 19.48 atingiu roxa; onda de calor P95 ≥ 2 dias não detectada; pressão assistencial indisponível; ocupação de leitos 45.65 sem gatilho; z-score assistencial indisponível; Autonomia de insumos indisponível/infinita; falhas infraestrutura % indisponível,2026-07-29,45.6541947478503,,,,,,,,INDICASUS_TEMPO_REAL_ESTADUAL_FALLBACK,
5101209,Araguainha,-16.755383333333334,-53.11515555555556,2026-07-29,Araguainha,-16.755383333333334,-53.11515555555556,34.8,24.2,,33.0,14.4,,openmeteo,29.5,35.03127423233778,33.0,27.919999999999998,p95_proxy_previsao_q70,1.5800000000000018,1,2,1,1,1.5800000000000018,2,28.566666666666666,27.342857142857145,,4.837818558084447,8.655862149706117,,,,,,,,,,,,,,,,,,,,,,,,,0,,,,,,,,,,,,0,,,0,,,,,,,,,,,,,,,,,,0,13.6,54.3,0,0,0,0,laranja,2,UTCI/proxy 33.0 entre 32 e 38; Tmax 34.8 sem gatilho; risco cumulativo 3d 8.66 atingiu laranja; onda de calor P95 ≥ 2 dias detectada; pressão assistencial indisponível; ocupação de leitos 45.65 sem gatilho; z-score assistencial indisponível; Autonomia de insumos indisponível/infinita; falhas infraestrutura % indisponível,2026-07-29,45.6541947478503,,,,,,,,INDICASUS_TEMPO_REAL_ESTADUAL_FALLBACK,
5101258,Araputanga,-15.221879310344828,-58.486941379310345,2026-07-29,Araputanga,-15.221879310344828,-58.486941379310345,32.6,24.5,,59.0,16.4,,openmeteo,28.55,38.18216967596448,31.560000000000002,27.71,p95_proxy_previsao_q70,0.8399999999999999,1,2,1,1,0.8399999999999999,1,28.05,26.478571428571428,,3.88554241899112,7.943086083286175,,,,,,,,,,,,,,,,,,,,,,,,,0,,,,,,,,,,,,0,,,0,,,,,,,,,,,,,,,,,,0,13.6,54.3,0,0,0,0,laranja,2,UTCI/proxy 31.6 entre 26 e 32; Tmax 32.6 sem gatilho; risco cumulativo 3d 7.94 atingiu laranja; onda de calor P95 ≥ 2 dias detectada; pressão assistencial indisponível; ocupação de leitos 45.65 sem gatilho; z-score assistencial indisponível; Autonomia de insumos indisponível/infinita; falhas infraestrutura % indisponível,2026-07-29,45.6541947478503,,,,,,,,INDICASUS_TEMPO_REAL_ESTADUAL_FALLBACK,
5101308,Arenápolis,-14.495017647058823,-56.863564705882354,2026-07-29,Arenápolis,-14.495017647058823,-56.863564705882354,33.7,23.0,,65.0,12.1,,openmeteo,28.35,43.45973437295109,32.900000000000006,27.68,p95_proxy_previsao_q70,0.6700000000000017,1,2,1,1,0.6700000000000017,1,27.983333333333334,26.914285714285715,,5.93493359323778,13.813554854553367,,,,,,,,,,,,,,,,,,,,,,,,,0,,,,,,,,,,,,0,,,0,,,,,,,,,,,,,,,,,,0,13.6,54.3,0,0,0,0,vermelha,3,UTCI/proxy 32.9 entre 32 e 38; Tmax 33.7 sem gatilho; risco cumulativo 3d 13.81 atingiu vermelha; onda de calor P95 ≥ 2 dias detectada; pressão assistencial indisponível; ocupação de leitos 45.65 sem gatilho; z-score assistencial indisponível; Autonomia de insumos indisponível/infinita; falhas infraestrutura % indisponível,2026-07-29,45.6541947478503,,,,,,,,INDICASUS_TEMPO_REAL_ESTADUAL_FALLBACK,
5101407,Aripuanã,-10.1669824,-59.7947496,2026-07-29,Aripuanã,-10.1669824,-59.7947496,31.9,22.3,,83.0,6.3,,openmeteo,27.1,45.29336446015128,31.82,27.5,p95_proxy_previsao_q70,0.0,0,0,0,0,0.0,0,27.350000000000005,27.05,,3.3233411150378203,14.157862089920048,,,,,,,,,,,,,,,,,,,,,,,,,0,,,,,,,,,,,,0,,,0,,,,,,,,,,,,,,,,,,0,13.6,54.3,0,0,0,0,vermelha,3,UTCI/proxy 31.8 entre 26 e 32; Tmax 31.9 sem gatilho; risco cumulativo 3d 14.16 atingiu vermelha; onda de calor P95 ≥ 2 dias não detectada; pressão assistencial indisponível; ocupação de leitos 45.65 sem gatilho; z-score assistencial indisponível; Autonomia de insumos indisponível/infinita; falhas infraestrutura % indisponível,2026-07-29,45.6541947478503,,,,,,,,INDICASUS_TEMPO_REAL_ESTADUAL_FALLBACK,
5101605,Barão de Melgaço,-16.870240983606557,-56.226375409836066,2026-07-29,Barão de Melgaço,-16.870240983606557,-56.226375409836066,34.9,24.0,,52.0,16.2,,openmeteo,29.45,41.22944038897558,33.58,29.330000000000002,p95_proxy_previsao_q70,0.11999999999999744,1,1,0,2,0.0,0,29.299999999999997,28.271428571428572,,4.007360097243891,16.63057236541279,,,,,,,,,,,,,,,,,,,,,,,,,0,,,,,,,,,,,,0,,,0,,,,,,,,,,,,,,,,,,0,13.6,54.3,0,0,0,0,vermelha,3,UTCI/proxy 33.6 entre 32 e 38; Tmax 34.9 sem gatilho; risco cumulativo 3d 16.63 atingiu vermelha; onda de calor P95 ≥ 2 dias não detectada; pressão assistencial indisponível; ocupação de leitos 45.65 sem gatilho; z-score assistencial indisponível; Autonomia de insumos indisponível/infinita; falhas infraestrutura % indisponível,2026-07-29,45.6541947478503,,,,,,,,INDICASUS_TEMPO_REAL_ESTADUAL_FALLBACK,
5101704,Barra do Bugres,-15.038595192307692,-57.670274038461535,2026-07-29,Barra do Bugres,-15.038595192307692,-57.670274038461535,35.4,25.4,,52.0,15.3,,openmeteo,30.4,42.48646297027549,34.08,28.83,p95_proxy_previsao_q70,1.5700000000000003,1,2,1,1,1.5700000000000003,2,29.433333333333334,28.164285714285715,,7.771615742568871,16.309982854446112,,,,,,,,,,,,,,,,,,,,,,,,,0,,,,,,,,,,,,0,,,0,,,,,,,,,,,,,,,,,,0,13.6,54.3,0,0,0,0,vermelha,3,UTCI/proxy 34.1 entre 32 e 38; Tmax 35.4 sem gatilho; risco cumulativo 3d 16.31 atingiu vermelha; onda de calor P95 ≥ 2 dias detectada; pressão assistencial indisponível; ocupação de leitos 45.65 sem gatilho; z-score assistencial indisponível; Autonomia de insumos indisponível/infinita; falhas infraestrutura % indisponível,2026-07-29,45.6541947478503,,,,,,,,INDICASUS_TEMPO_REAL_ESTADUAL_FALLBACK,
5101803,Barra do Garças,-15.8901,-52.2567,2026-07-29,Barra do Garças,-15.357993670886076,-52.45209873417721,32.9,23.8,,32.0,19.6,,openmeteo,28.35,32.1695678618645,31.1,30.5,p95_proxy_previsao_q70,0.0,0,0,0,0,0.0,0,28.05,30.05666666666667,,0.042391965466125114,0.042391965466125114,,,,,,,,,,,,,,,,,,,,,,,,,0,,,,,,,,,,,,0,,,0,,,,,,,,,,,,,,,,,,0,9.6,38.5,0,0,0,0,amarela,1,UTCI/proxy 31.1 entre 26 e 32; Tmax 32.9 sem gatilho; risco cumulativo 3d 0.04 sem gatilho; onda de calor P95 ≥ 2 dias não detectada; pressão assistencial indisponível; ocupação de leitos 61.50 sem gatilho; z-score assistencial indisponível; Autonomia de insumos indisponível/infinita; falhas infraestrutura % indisponível,2026-07-29,61.5023474178404,213,179,131,13,61,8,2026-06-19 08:57:00,INDICASUS_TEMPO_REAL,82.0
5101837,Boa Esperança do Norte,-13.46319793731044,-54.94174297100683,2026-07-29,Boa Esperança do Norte,-13.46319793731044,-54.94174297100683,33.4,22.4,,50.0,9.6,,openmeteo,27.9,37.10907787180442,32.0,27.9,p95_proxy_previsao_q70,0.0,0,0,0,0,0.0,0,27.7,27.407142857142855,,1.2772694679511059,6.586345325168887,,,,,,,,,,,,,,,,,,,,,,,,,0,,,,,,,,,,,,0,,,0,,,,,,,,,,,,,,,,,,0,13.6,54.3,0,0,0,0,amarela,1,UTCI/proxy 32.0 entre 26 e 32; Tmax 33.4 sem gatilho; risco cumulativo 3d 6.59 atingiu amarela; onda de calor P95 ≥ 2 dias não detectada; pressão assistencial indisponível; ocupação de leitos 45.65 sem gatilho; z-score assistencial indisponível; Autonomia de insumos indisponível/infinita; falhas infraestrutura % indisponível,2026-07-29,45.6541947478503,,,,,,,,INDICASUS_TEMPO_REAL_ESTADUAL_FALLBACK,
5101852,Bom Jesus do Araguaia,-12.247408163265307,-51.69703265306122,2026-07-29,Bom Jesus do Araguaia,-12.247408163265307,-51.69703265306122,35.6,23.2,,46.0,5.5,,openmeteo,29.4,40.50424907331573,34.040000000000006,28.049999999999997,p95_proxy_previsao_q70,1.3500000000000014,1,1,0,2,0.0,0,28.25,27.864285714285717,,5.516062268328939,13.485861719954508,,,,,,,,,,,,,,,,,,,,,,,,,0,,,,,,,,,,,,0,,,0,,,,,,,,,,,,,,,,,,0,11.4,45.8,0,0,0,0,vermelha,3,UTCI/proxy 34.0 entre 32 e 38; Tmax 35.6 sem gatilho; risco cumulativo 3d 13.49 atingiu vermelha; onda de calor P95 ≥ 2 dias não detectada; pressão assistencial indisponível; ocupação de leitos 54.22 sem gatilho; z-score assistencial indisponível; Autonomia de insumos indisponível/infinita; falhas infraestrutura % indisponível,2026-07-29,54.2227662178703,817,573,443,22,17,13,2026-06-19 10:19:00,INDICASUS_TEMPO_REAL,374.0
5101902,Brasnorte,-12.095446153846154,-58.08860683760684,2026-07-29,Brasnorte,-12.095446153846154,-58.08860683760684,27.8,23.1,,80.0,7.8,,openmeteo,25.450000000000003,31.604625747217863,27.6,27.549999999999997,p95_proxy_previsao_q70,0.0,0,0,0,0,0.0,0,26.849999999999998,27.00714285714286,,0.0,7.795194766486707,,,,,,,,,,,,,,,,,,,,,,,,,0,,,,,,,,,,,,0,,,0,,,,,,,,,,,,,,,,,,0,13.6,54.3,0,0,0,0,laranja,2,UTCI/proxy 27.6 entre 26 e 32; Tmax 27.8 sem gatilho; risco cumulativo 3d 7.80 atingiu laranja; onda de calor P95 ≥ 2 dias não detectada; pressão assistencial indisponível; ocupação de leitos 45.65 sem gatilho; z-score assistencial indisponível; Autonomia de insumos indisponível/infinita; falhas infraestrutura % indisponível,2026-07-29,45.6541947478503,,,,,,,,INDICASUS_TEMPO_REAL_ESTADUAL_FALLBACK,
5102504,Cáceres,-16.0728,-57.6818,2026-07-29,Cáceres,-16.470474637681157,-57.83651376811594,34.2,23.7,,62.0,20.2,,openmeteo,28.950000000000003,43.61457313825781,33.28000000000001,30.25,p95_proxy_previsao_q70,0.0,0,0,0,0,0.0,0,28.516666666666666,29.82,,4.183643284564461,11.944378448342254,,,,,,,,,,,,,,,,,,,,,,,,,0,,,,,,,,,,,,0,,,0,,,,,,,,,,,,,,,,,,0,13.6,54.3,0,0,0,0,laranja,2,UTCI/proxy 33.3 entre 32 e 38; Tmax 34.2 sem gatilho; risco cumulativo 3d 11.94 atingiu laranja; onda de calor P95 ≥ 2 dias não detectada; pressão assistencial indisponível; ocupação de leitos 45.65 sem gatilho; z-score assistencial indisponível; Autonomia de insumos indisponível/infinita; falhas infraestrutura % indisponível,2026-07-29,45.6541947478503,,,,,,,,INDICASUS_TEMPO_REAL_ESTADUAL_FALLBACK,
5102603,Campinápolis,-14.3188171875,-53.135473437499996,2026-07-29,Campinápolis,-14.3188171875,-53.135473437499996,36.7,24.7,,35.0,10.9,,openmeteo,30.700000000000003,38.78692140841783,34.900000000000006,29.5,p95_proxy_previsao_q70,1.2000000000000028,1,2,1,1,1.2000000000000028,2,30.0,28.964285714285715,,7.296730352104467,16.027593502166738,,,,,,,,,,,,,,,,,,,,,,,,,0,,,,,,,,,,,,0,,,0,,,,,,,,,,,,,,,,,,0,13.6,54.3,0,0,0,0,vermelha,3,UTCI/proxy 34.9 entre 32 e 38; Tmax 36.7 sem gatilho; risco cumulativo 3d 16.03 atingiu vermelha; onda de calor P95 ≥ 2 dias detectada; pressão assistencial indisponível; ocupação de leitos 45.65 sem gatilho; z-score assistencial indisponível; Autonomia de insumos indisponível/infinita; falhas infraestrutura % indisponível,2026-07-29,45.6541947478503,,,,,,,,INDICASUS_TEMPO_REAL_ESTADUAL_FALLBACK,
5102637,Campo Novo do Parecis,-13.610937096774194,-57.91726612903226,2026-07-29,Campo Novo do Parecis,-13.610937096774194,-57.91726612903226,32.1,23.4,,64.0,15.3,,openmeteo,27.75,38.590898224175625,31.260000000000005,27.5,p95_proxy_previsao_q70,0.25,1,1,0,2,0.0,0,27.483333333333334,26.885714285714283,,1.8977245560439062,4.134762634932272,,,,,,,,,,,,,,,,,,,,,,,,,0,,,,,,,,,,,,0,,,0,,,,,,,,,,,,,,,,,,0,13.6,54.3,0,0,0,0,amarela,1,UTCI/proxy 31.3 entre 26 e 32; Tmax 32.1 sem gatilho; risco cumulativo 3d 4.13 atingiu amarela; onda de calor P95 ≥ 2 dias não detectada; pressão assistencial indisponível; ocupação de leitos 45.65 sem gatilho; z-score assistencial indisponível; Autonomia de insumos indisponível/infinita; falhas infraestrutura % indisponível,2026-07-29,45.6541947478503,,,,,,,,INDICASUS_TEMPO_REAL_ESTADUAL_FALLBACK,
5102678,Campo Verde,-15.436624561403509,-54.99407368421053,2026-07-29,Campo Verde,-15.436624561403509,-54.99407368421053,33.5,24.0,,39.0,15.4,,openmeteo,28.75,34.357863993111145,31.700000000000003,27.589999999999996,p95_proxy_previsao_q70,1.1600000000000037,1,2,1,1,1.1600000000000037,2,28.21666666666667,27.142857142857142,,3.24946599827779,5.940045066506698,,,,,,,,,,,,,,,,,,,,,,,,,0,,,,,,,,,,,,0,,,0,,,,,,,,,,,,,,,,,,0,13.6,54.3,0,0,0,0,laranja,2,UTCI/proxy 31.7 entre 26 e 32; Tmax 33.5 sem gatilho; risco cumulativo 3d 5.94 atingiu amarela; onda de calor P95 ≥ 2 dias detectada; pressão assistencial indisponível; ocupação de leitos 45.65 sem gatilho; z-score assistencial indisponível; Autonomia de insumos indisponível/infinita; falhas infraestrutura % indisponível,2026-07-29,45.6541947478503,,,,,,,,INDICASUS_TEMPO_REAL_ESTADUAL_FALLBACK,
5102686,Campos de Júlio,-13.554108750000001,-59.17559,2026-07-29,Campos de Júlio,-13.554108750000001,-59.17559,31.7,22.9,,66.0,13.8,,openmeteo,27.299999999999997,38.20581567725109,30.940000000000005,27.5,p95_proxy_previsao_q70,0.0,0,0,0,0,0.0,0,26.933333333333334,26.47142857142857,,1.551453919312772,3.3740630815983454,,,,,,,,,,,,,,,,,,,,,,,,,0,,,,,,,,,,,,0,,,0,,,,,,,,,,,,,,,,,,0,12.2,48.8,0,0,0,0,amarela,1,UTCI/proxy 30.9 entre 26 e 32; Tmax 31.7 sem gatilho; risco cumulativo 3d 3.37 atingiu amarela; onda de calor P95 ≥ 2 dias não detectada; pressão assistencial indisponível; ocupação de leitos 51.21 sem gatilho; z-score assistencial indisponível; Autonomia de insumos indisponível/infinita; falhas infraestrutura % indisponível,2026-07-29,51.2096774193548,248,149,127,0,2,0,2026-06-19 09:24:00,INDICASUS_TEMPO_REAL,121.0
5102694,Canabrava do Norte,-11.15716818181818,-51.811797727272726,2026-07-29,Canabrava do Norte,-11.15716818181818,-51.811797727272726,36.7,23.9,,48.0,12.0,,openmeteo,30.3,44.002183921571266,35.220000000000006,28.76,p95_proxy_previsao_q70,1.5399999999999991,1,2,1,1,1.5399999999999991,2,29.28333333333333,28.50714285714286,,9.260545980392822,20.388058598888378,,,,,,,,,,,,,,,,,,,,,,,,,0,,,,,,,,,,,,0,,,0,,,,,,,,,,,,,,,,,,0,25.0,100.0,0,0,0,0,roxa,4,UTCI/proxy 35.2 entre 32 e 38; Tmax 36.7 sem gatilho; risco cumulativo 3d 20.39 atingiu roxa; onda de calor P95 ≥ 2 dias detectada; pressão assistencial indisponível; ocupação de leitos 0.00 sem gatilho; z-score assistencial indisponível; Autonomia de insumos indisponível/infinita; falhas infraestrutura % indisponível,2026-07-29,0.0,89,0,0,0,0,0,,INDICASUS_TEMPO_REAL,89.0
5102702,Canarana,-13.266257547169813,-52.31945471698113,2026-07-29,Canarana,-13.266257547169813,-52.31945471698113,36.6,24.3,,40.0,9.6,,openmeteo,30.450000000000003,40.368791227715676,34.800000000000004,29.15,p95_proxy_previsao_q70,1.3000000000000043,1,1,0,1,0.0,0,29.51666666666667,28.914285714285715,,6.192197806928927,15.231772129542277,,,,,,,,,,,,,,,,,,,,,,,,,0,,,,,,,,,,,,0,,,0,,,,,,,,,,,,,,,,,,0,13.7,54.9,0,0,0,0,vermelha,3,UTCI/proxy 34.8 entre 32 e 38; Tmax 36.6 sem gatilho; risco cumulativo 3d 15.23 atingiu vermelha; onda de calor P95 ≥ 2 dias não detectada; pressão assistencial indisponível; ocupação de leitos 45.09 sem gatilho; z-score assistencial indisponível; Autonomia de insumos indisponível/infinita; falhas infraestrutura % indisponível,2026-07-29,45.0920245398773,326,126,147,0,18,0,2026-06-19 08:44:00,INDICASUS_TEMPO_REAL,179.0
5102793,Carlinda,-10.100937209302327,-55.865413953488364,2026-07-29,Carlinda,-10.100937209302327,-55.865413953488364,33.4,23.1,,75.0,6.6,,openmeteo,28.25,47.15389178647112,33.0,28.16,p95_proxy_previsao_q70,0.08999999999999986,1,1,0,2,0.0,0,28.116666666666664,27.857142857142858,,4.87847294661778,13.009568113806722,,,,,,,,,,,,,,,,,,,,,,,,,0,,,,,,,,,,,,0,,,0,,,,,,,,,,,,,,,,,,0,15.9,63.4,0,0,0,0,vermelha,3,UTCI/proxy 33.0 entre 32 e 38; Tmax 33.4 sem gatilho; risco cumulativo 3d 13.01 atingiu vermelha; onda de calor P95 ≥ 2 dias não detectada; pressão assistencial indisponível; ocupação de leitos 36.59 sem gatilho; z-score assistencial indisponível; Autonomia de insumos indisponível/infinita; falhas infraestrutura % indisponível,2026-07-29,36.5853658536585,41,41,15,0,9,0,2026-06-19 06:22:00,INDICASUS_TEMPO_REAL,26.0
5102850,Castanheira,-10.914485714285714,-58.620819047619044,2026-07-29,Castanheira,-10.914485714285714,-58.620819047619044,32.3,22.3,,78.0,7.7,,openmeteo,27.299999999999997,44.58524292783787,32.02,27.51,p95_proxy_previsao_q70,0.0,0,0,0,0,0.0,0,27.53333333333333,27.3,,3.16631073195947,12.245539445814522,,,,,,,,,,,,,,,,,,,,,,,,,0,,,,,,,,,,,,0,,,0,,,,,,,,,,,,,,,,,,0,13.6,54.3,0,0,0,0,vermelha,3,UTCI/proxy 32.0 entre 32 e 38; Tmax 32.3 sem gatilho; risco cumulativo 3d 12.25 atingiu vermelha; onda de calor P95 ≥ 2 dias não detectada; pressão assistencial indisponível; ocupação de leitos 45.65 sem gatilho; z-score assistencial indisponível; Autonomia de insumos indisponível/infinita; falhas infraestrutura % indisponível,2026-07-29,45.6541947478503,,,,,,,,INDICASUS_TEMPO_REAL_ESTADUAL_FALLBACK,
5103007,Chapada dos Guimarães,-15.108098780487804,-55.59513780487805,2026-07-29,Chapada dos Guimarães,-15.108098780487804,-55.59513780487805,34.4,24.6,,47.0,13.0,,openmeteo,29.5,38.24712708903112,32.88,28.37,p95_proxy_previsao_q70,1.129999999999999,1,1,0,2,0.0,0,28.683333333333337,27.87142857142857,,3.571781772257781,10.848461868506694,,,,,,,,,,,,,,,,,,,,,,,,,0,,,,,,,,,,,,0,,,0,,,,,,,,,,,,,,,,,,0,4.2,16.9,0,0,0,0,laranja,2,UTCI/proxy 32.9 entre 32 e 38; Tmax 34.4 sem gatilho; risco cumulativo 3d 10.85 atingiu laranja; onda de calor P95 ≥ 2 dias não detectada; pressão assistencial indisponível; ocupação de leitos 83.07 atingiu amarela; z-score assistencial indisponível; Autonomia de insumos indisponível/infinita; falhas infraestrutura % indisponível,2026-07-29,83.0708661417323,254,254,211,40,76,3,2026-06-19 09:35:00,INDICASUS_TEMPO_REAL,43.0
5103056,Cláudia,-11.431201923076923,-55.071959615384614,2026-07-29,Cláudia,-11.431201923076923,-55.071959615384614,33.5,22.0,,63.0,6.0,,openmeteo,27.75,42.02135291844458,32.620000000000005,27.5,p95_proxy_previsao_q70,0.25,1,2,1,1,0.25,1,27.566666666666666,27.064285714285713,,4.875338229611149,13.70552803772837,,,,,,,,,,,,,,,,,,,,,,,,,0,,,,,,,,,,,,0,,,0,,,,,,,,,,,,,,,,,,0,13.6,54.3,0,0,0,0,vermelha,3,UTCI/proxy 32.6 entre 32 e 38; Tmax 33.5 sem gatilho; risco cumulativo 3d 13.71 atingiu vermelha; onda de calor P95 ≥ 2 dias detectada; pressão assistencial indisponível; ocupação de leitos 45.65 sem gatilho; z-score assistencial indisponível; Autonomia de insumos indisponível/infinita; falhas infraestrutura % indisponível,2026-07-29,45.6541947478503,,,,,,,,INDICASUS_TEMPO_REAL_ESTADUAL_FALLBACK,
5103106,Cocalinho,-13.866765248226951,-51.140193617021275,2026-07-29,Cocalinho,-13.866765248226951,-51.140193617021275,36.9,25.3,,31.0,10.4,,openmeteo,31.1,37.88092930011556,35.1,30.22,p95_proxy_previsao_q70,0.8800000000000026,1,2,1,1,0.8800000000000026,1,30.46666666666667,29.842857142857145,,6.950232325028894,17.733083380048917,,,,,,,,,,,,,,,,,,,,,,,,,0,,,,,,,,,,,,0,,,0,,,,,,,,,,,,,,,,,,0,16.5,66.2,0,0,0,0,vermelha,3,UTCI/proxy 35.1 entre 32 e 38; Tmax 36.9 sem gatilho; risco cumulativo 3d 17.73 atingiu vermelha; onda de calor P95 ≥ 2 dias detectada; pressão assistencial indisponível; ocupação de leitos 33.85 sem gatilho; z-score assistencial indisponível; Autonomia de insumos indisponível/infinita; falhas infraestrutura % indisponível,2026-07-29,33.8461538461538,65,60,22,3,26,0,2026-06-19 00:00:00,INDICASUS_TEMPO_REAL,43.0
5103205,Colíder,-10.602505263157894,-55.48568947368421,2026-07-29,Colíder,-10.602505263157894,-55.48568947368421,34.0,23.0,,67.0,4.9,,openmeteo,28.5,45.313016267555646,33.34,28.04,p95_proxy_previsao_q70,0.46000000000000085,1,2,1,1,0.46000000000000085,1,28.233333333333334,27.82857142857143,,6.628254066888916,15.226036206521709,,,,,,,,,,,,,,,,,,,,,,,,,0,,,,,,,,,,,,0,,,0,,,,,,,,,,,,,,,,,,0,13.6,54.3,0,0,0,0,vermelha,3,UTCI/proxy 33.3 entre 32 e 38; Tmax 34.0 sem gatilho; risco cumulativo 3d 15.23 atingiu vermelha; onda de calor P95 ≥ 2 dias detectada; pressão assistencial indisponível; ocupação de leitos 45.65 sem gatilho; z-score assistencial indisponível; Autonomia de insumos indisponível/infinita; falhas infraestrutura % indisponível,2026-07-29,45.6541947478503,,,,,,,,INDICASUS_TEMPO_REAL_ESTADUAL_FALLBACK,
5103254,Colniza,-9.549526315789473,-60.23668045112782,2026-07-29,Colniza,-9.549526315789473,-60.23668045112782,32.4,22.5,,84.0,6.1,,openmeteo,27.45,47.7275264466312,32.36,28.089999999999996,p95_proxy_previsao_q70,0.0,0,0,0,0,0.0,0,27.799999999999997,27.9,,4.2918816116578,17.46234176772453,,,,,,,,,,,,,,,,,,,,,,,,,0,,,,,,,,,,,,0,,,0,,,,,,,,,,,,,,,,,,0,13.6,54.3,0,0,0,0,vermelha,3,UTCI/proxy 32.4 entre 32 e 38; Tmax 32.4 sem gatilho; risco cumulativo 3d 17.46 atingiu vermelha; onda de calor P95 ≥ 2 dias não detectada; pressão assistencial indisponível; ocupação de leitos 45.65 sem gatilho; z-score assistencial indisponível; Autonomia de insumos indisponível/infinita; falhas infraestrutura % indisponível,2026-07-29,45.6541947478503,,,,,,,,INDICASUS_TEMPO_REAL_ESTADUAL_FALLBACK,
5103304,Comodoro,-13.222821367521366,-59.743691452991456,2026-07-29,Comodoro,-13.222821367521366,-59.743691452991456,30.6,20.6,,76.0,10.6,,openmeteo,25.6,38.29477843971563,30.240000000000002,27.5,p95_proxy_previsao_q70,0.0,0,0,0,0,0.0,0,25.616666666666664,25.764285714285712,,1.573694609928907,4.664502458955605,,,,,,,,,,,,,,,,,,,,,,,,,0,,,,,,,,,,,,0,,,0,,,,,,,,,,,,,,,,,,0,13.6,54.3,0,0,0,0,amarela,1,UTCI/proxy 30.2 entre 26 e 32; Tmax 30.6 sem gatilho; risco cumulativo 3d 4.66 atingiu amarela; onda de calor P95 ≥ 2 dias não detectada; pressão assistencial indisponível; ocupação de leitos 45.65 sem gatilho; z-score assistencial indisponível; Autonomia de insumos indisponível/infinita; falhas infraestrutura % indisponível,2026-07-29,45.6541947478503,,,,,,,,INDICASUS_TEMPO_REAL_ESTADUAL_FALLBACK,
5103353,Confresa,-10.342552727272729,-51.70002727272727,2026-07-29,Confresa,-10.342552727272729,-51.70002727272727,34.8,23.5,,56.0,14.4,,openmeteo,29.15,42.64919922295118,33.64,28.480000000000004,p95_proxy_previsao_q70,0.6699999999999946,1,1,0,2,0.0,0,28.63333333333333,28.364285714285717,,4.972299805737791,14.572839857528376,,,,,,,,,,,,,,,,,,,,,,,,,0,,,,,,,,,,,,0,,,0,,,,,,,,,,,,,,,,,,0,25.0,100.0,0,0,0,0,vermelha,3,UTCI/proxy 33.6 entre 32 e 38; Tmax 34.8 sem gatilho; risco cumulativo 3d 14.57 atingiu vermelha; onda de calor P95 ≥ 2 dias não detectada; pressão assistencial indisponível; ocupação de leitos 0.00 sem gatilho; z-score assistencial indisponível; Autonomia de insumos indisponível/infinita; falhas infraestrutura % indisponível,2026-07-29,0.0,55,43,0,0,0,0,,INDICASUS_TEMPO_REAL,55.0
5103361,Conquista D'Oeste,-14.5947225,-59.3000225,2026-07-29,Conquista D'Oeste,-14.5947225,-59.3000225,29.7,22.7,,68.0,16.7,,openmeteo,26.2,33.877428953704545,29.020000000000003,27.5,p95_proxy_previsao_q70,0.0,0,0,0,0,0.0,0,26.399999999999995,25.592857142857145,,0.4693572384261362,1.4842607819995113,,,,,,,,,,,,,,,,,,,,,,,,,0,,,,,,,,,,,,0,,,0,,,,,,,,,,,,,,,,,,0,13.6,54.3,0,0,0,0,amarela,1,UTCI/proxy 29.0 entre 26 e 32; Tmax 29.7 sem gatilho; risco cumulativo 3d 1.48 sem gatilho; onda de calor P95 ≥ 2 dias não detectada; pressão assistencial indisponível; ocupação de leitos 45.65 sem gatilho; z-score assistencial indisponível; Autonomia de insumos indisponível/infinita; falhas infraestrutura % indisponível,2026-07-29,45.6541947478503,,,,,,,,INDICASUS_TEMPO_REAL_ESTADUAL_FALLBACK,
5103379,Cotriguaçu,-9.450245070422536,-58.70980704225352,2026-07-29,Cotriguaçu,-9.450245070422536,-58.70980704225352,30.4,22.7,,85.0,6.1,,openmeteo,26.549999999999997,40.532766091715594,30.4,27.5,p95_proxy_previsao_q70,0.0,0,0,0,0,0.0,0,27.05,27.12857142857143,,2.1331915229288985,9.918630725071226,,,,,,,,,,,,,,,,,,,,,,,,,0,,,,,,,,,,,,0,,,0,,,,,,,,,,,,,,,,,,0,13.6,54.3,0,0,0,0,laranja,2,UTCI/proxy 30.4 entre 26 e 32; Tmax 30.4 sem gatilho; risco cumulativo 3d 9.92 atingiu laranja; onda de calor P95 ≥ 2 dias não detectada; pressão assistencial indisponível; ocupação de leitos 45.65 sem gatilho; z-score assistencial indisponível; Autonomia de insumos indisponível/infinita; falhas infraestrutura % indisponível,2026-07-29,45.6541947478503,,,,,,,,INDICASUS_TEMPO_REAL_ESTADUAL_FALLBACK,
5103403,Cuiabá,-15.6014,-56.0979,2026-07-29,Cuiabá,-15.701737931034485,-55.708439080459776,35.4,21.8,,60.0,11.2,,openmeteo,28.6,46.25982374993777,34.4,30.8,p95_proxy_previsao_q70,0.0,0,0,0,0,0.0,0,28.183333333333334,30.35166666666667,,5.964955937484442,19.51361111041726,,,,,,,,,,,,,,,,,,,,,,,,,0,,,,,,,,,,,,0,,,0,,,,,,,,,,,,,,,,,,0,10.6,42.3,0,0,0,0,roxa,4,UTCI/proxy 34.4 entre 32 e 38; Tmax 35.4 sem gatilho; risco cumulativo 3d 19.51 atingiu roxa; onda de calor P95 ≥ 2 dias não detectada; pressão assistencial indisponível; ocupação de leitos 57.73 sem gatilho; z-score assistencial indisponível; Autonomia de insumos indisponível/infinita; falhas infraestrutura % indisponível,2026-07-29,57.7278731836196,1514,1263,874,65,1120,55,2026-06-19 10:07:00,INDICASUS_TEMPO_REAL,640.0
5103437,Curvelândia,-15.599221052631579,-57.8775,2026-07-29,Curvelândia,-15.599221052631579,-57.8775,35.5,25.5,,53.0,14.7,,openmeteo,30.5,43.18776538377795,34.220000000000006,28.84,p95_proxy_previsao_q70,1.6600000000000001,1,1,0,2,0.0,0,29.433333333333334,28.164285714285715,,6.676941345944494,15.133862950740088,,,,,,,,,,,,,,,,,,,,,,,,,0,,,,,,,,,,,,0,,,0,,,,,,,,,,,,,,,,,,0,13.6,54.3,0,0,0,0,vermelha,3,UTCI/proxy 34.2 entre 32 e 38; Tmax 35.5 sem gatilho; risco cumulativo 3d 15.13 atingiu vermelha; onda de calor P95 ≥ 2 dias não detectada; pressão assistencial indisponível; ocupação de leitos 45.65 sem gatilho; z-score assistencial indisponível; Autonomia de insumos indisponível/infinita; falhas infraestrutura % indisponível,2026-07-29,45.6541947478503,,,,,,,,INDICASUS_TEMPO_REAL_ESTADUAL_FALLBACK,
5103452,Denise,-14.742952173913043,-56.98575652173913,2026-07-29,Denise,-14.742952173913043,-56.98575652173913,34.6,23.4,,61.0,11.1,,openmeteo,29.0,44.336580789315576,33.64000000000001,27.8,p95_proxy_previsao_q70,1.1999999999999993,1,1,0,2,0.0,0,28.25,27.37142857142857,,5.924145197328901,16.10504945645949,,,,,,,,,,,,,,,,,,,,,,,,,0,,,,,,,,,,,,0,,,0,,,,,,,,,,,,,,,,,,0,13.6,54.3,0,0,0,0,vermelha,3,UTCI/proxy 33.6 entre 32 e 38; Tmax 34.6 sem gatilho; risco cumulativo 3d 16.11 atingiu vermelha; onda de calor P95 ≥ 2 dias não detectada; pressão assistencial indisponível; ocupação de leitos 45.65 sem gatilho; z-score assistencial indisponível; Autonomia de insumos indisponível/infinita; falhas infraestrutura % indisponível,2026-07-29,45.6541947478503,,,,,,,,INDICASUS_TEMPO_REAL_ESTADUAL_FALLBACK,
5103502,Diamantino,-14.107232110091743,-56.82424311926605,2026-07-29,Diamantino,-14.107232110091743,-56.82424311926605,33.6,22.4,,63.0,12.0,,openmeteo,28.0,42.30687865788444,32.720000000000006,27.52,p95_proxy_previsao_q70,0.4800000000000004,1,1,0,2,0.0,0,27.5,27.2,,3.7767196644711163,8.807105361211136,,,,,,,,,,,,,,,,,,,,,,,,,0,,,,,,,,,,,,0,,,0,,,,,,,,,,,,,,,,,,0,24.3,97.2,0,0,0,0,laranja,2,UTCI/proxy 32.7 entre 32 e 38; Tmax 33.6 sem gatilho; risco cumulativo 3d 8.81 atingiu laranja; onda de calor P95 ≥ 2 dias não detectada; pressão assistencial indisponível; ocupação de leitos 2.78 sem gatilho; z-score assistencial indisponível; Autonomia de insumos indisponível/infinita; falhas infraestrutura % indisponível,2026-07-29,2.77777777777778,108,88,3,0,67,0,2026-06-18 15:00:00,INDICASUS_TEMPO_REAL,105.0
5103601,Dom Aquino,-15.65804,-54.78540857142857,2026-07-29,Dom Aquino,-15.65804,-54.78540857142857,35.0,23.9,,38.0,12.9,,openmeteo,29.45,36.63441521111109,33.2,27.799999999999997,p95_proxy_previsao_q70,1.6500000000000021,1,2,1,1,1.6500000000000021,2,28.650000000000002,27.521428571428572,,5.5086038027777775,12.394985728888374,,,,,,,,,,,,,,,,,,,,,,,,,0,,,,,,,,,,,,0,,,0,,,,,,,,,,,,,,,,,,0,13.6,54.3,0,0,0,0,vermelha,3,UTCI/proxy 33.2 entre 32 e 38; Tmax 35.0 sem gatilho; risco cumulativo 3d 12.39 atingiu vermelha; onda de calor P95 ≥ 2 dias detectada; pressão assistencial indisponível; ocupação de leitos 45.65 sem gatilho; z-score assistencial indisponível; Autonomia de insumos indisponível/infinita; falhas infraestrutura % indisponível,2026-07-29,45.6541947478503,,,,,,,,INDICASUS_TEMPO_REAL_ESTADUAL_FALLBACK,
5103700,Feliz Natal,-11.852430952380953,-54.1335373015873,2026-07-29,Feliz Natal,-11.852430952380953,-54.1335373015873,32.9,21.4,,63.0,9.8,,openmeteo,27.15,40.35558038868444,32.02,27.5,p95_proxy_previsao_q70,0.0,0,0,0,0,0.0,0,26.7,26.264285714285712,,2.1088950971711125,9.071976268786722,,,,,,,,,,,,,,,,,,,,,,,,,0,,,,,,,,,,,,0,,,0,,,,,,,,,,,,,,,,,,0,13.6,54.3,0,0,0,0,laranja,2,UTCI/proxy 32.0 entre 32 e 38; Tmax 32.9 sem gatilho; risco cumulativo 3d 9.07 atingiu laranja; onda de calor P95 ≥ 2 dias não detectada; pressão assistencial indisponível; ocupação de leitos 45.65 sem gatilho; z-score assistencial indisponível; Autonomia de insumos indisponível/infinita; falhas infraestrutura % indisponível,2026-07-29,45.6541947478503,,,,,,,,INDICASUS_TEMPO_REAL_ESTADUAL_FALLBACK,
5103809,Figueirópolis D'Oeste,-15.537713636363636,-58.701409090909095,2026-07-29,Figueirópolis D'Oeste,-15.537713636363636,-58.701409090909095,34.0,25.9,,54.0,17.8,,openmeteo,29.95,39.807935156444515,32.760000000000005,29.159999999999997,p95_proxy_previsao_q70,0.7900000000000027,1,2,1,1,0.7900000000000027,1,29.48333333333333,27.657142857142855,,5.0019837891111365,13.767291580691168,,,,,,,,,,,,,,,,,,,,,,,,,0,,,,,,,,,,,,0,,,0,,,,,,,,,,,,,,,,,,0,23.3,93.1,0,0,0,0,vermelha,3,UTCI/proxy 32.8 entre 32 e 38; Tmax 34.0 sem gatilho; risco cumulativo 3d 13.77 atingiu vermelha; onda de calor P95 ≥ 2 dias detectada; pressão assistencial indisponível; ocupação de leitos 6.90 sem gatilho; z-score assistencial indisponível; Autonomia de insumos indisponível/infinita; falhas infraestrutura % indisponível,2026-07-29,6.89655172413793,29,29,2,0,8,0,2026-06-19 00:00:00,INDICASUS_TEMPO_REAL,27.0
5103858,Gaúcha do Norte,-13.079943089430895,-53.47821138211382,2026-07-29,Gaúcha do Norte,-13.079943089430895,-53.47821138211382,34.1,21.1,,61.0,9.1,,openmeteo,27.6,42.88397347771557,33.14000000000001,27.5,p95_proxy_previsao_q70,0.10000000000000142,1,1,0,1,0.0,0,27.083333333333332,26.535714285714285,,3.960993369428902,11.83632085735558,,,,,,,,,,,,,,,,,,,,,,,,,0,,,,,,,,,,,,0,,,0,,,,,,,,,,,,,,,,,,0,14.4,57.5,0,0,0,0,laranja,2,UTCI/proxy 33.1 entre 32 e 38; Tmax 34.1 sem gatilho; risco cumulativo 3d 11.84 atingiu laranja; onda de calor P95 ≥ 2 dias não detectada; pressão assistencial indisponível; ocupação de leitos 42.48 sem gatilho; z-score assistencial indisponível; Autonomia de insumos indisponível/infinita; falhas infraestrutura % indisponível,2026-07-29,42.483660130719,153,153,65,10,95,2,2026-06-19 08:00:00,INDICASUS_TEMPO_REAL,88.0
5103908,General Carneiro,-15.543341772151898,-53.325929113924055,2026-07-29,General Carneiro,-15.543341772151898,-53.325929113924055,35.7,25.3,,34.0,15.2,,openmeteo,30.5,36.725416973535594,33.900000000000006,28.209999999999997,p95_proxy_previsao_q70,2.2900000000000027,1,2,1,1,2.2900000000000027,3,29.28333333333333,27.942857142857147,,6.871354243383907,12.836990007798926,,,,,,,,,,,,,,,,,,,,,,,,,0,,,,,,,,,,,,0,,,0,,,,,,,,,,,,,,,,,,0,13.6,54.3,0,0,0,0,vermelha,3,UTCI/proxy 33.9 entre 32 e 38; Tmax 35.7 sem gatilho; risco cumulativo 3d 12.84 atingiu vermelha; onda de calor P95 ≥ 2 dias detectada; pressão assistencial indisponível; ocupação de leitos 45.65 sem gatilho; z-score assistencial indisponível; Autonomia de insumos indisponível/infinita; falhas infraestrutura % indisponível,2026-07-29,45.6541947478503,,,,,,,,INDICASUS_TEMPO_REAL_ESTADUAL_FALLBACK,
5103957,Glória D'Oeste,-15.85273888888889,-58.29077777777778,2026-07-29,Glória D'Oeste,-15.85273888888889,-58.29077777777778,34.7,25.4,,54.0,17.0,,openmeteo,30.05,41.54288998042458,33.46000000000001,28.92,p95_proxy_previsao_q70,1.129999999999999,1,2,1,1,1.129999999999999,2,29.36666666666667,27.72142857142857,,6.475722495106153,17.84528109346399,,,,,,,,,,,,,,,,,,,,,,,,,0,,,,,,,,,,,,0,,,0,,,,,,,,,,,,,,,,,,0,13.6,54.3,0,0,0,0,vermelha,3,UTCI/proxy 33.5 entre 32 e 38; Tmax 34.7 sem gatilho; risco cumulativo 3d 17.85 atingiu vermelha; onda de calor P95 ≥ 2 dias detectada; pressão assistencial indisponível; ocupação de leitos 45.65 sem gatilho; z-score assistencial indisponível; Autonomia de insumos indisponível/infinita; falhas infraestrutura % indisponível,2026-07-29,45.6541947478503,,,,,,,,INDICASUS_TEMPO_REAL_ESTADUAL_FALLBACK,
5104104,Guarantã do Norte,-9.822190625,-54.578209375,2026-07-29,Guarantã do Norte,-9.822190625,-54.578209375,33.1,22.6,,66.0,8.3,,openmeteo,27.85,42.095467393971234,32.34,27.5,p95_proxy_previsao_q70,0.3500000000000014,1,2,1,1,0.3500000000000014,1,27.53333333333333,27.07857142857143,,4.713866848492813,10.283731225170598,,,,,,,,,,,,,,,,,,,,,,,,,0,,,,,,,,,,,,0,,,0,,,,,,,,,,,,,,,,,,0,10.5,41.9,0,0,0,0,laranja,2,UTCI/proxy 32.3 entre 32 e 38; Tmax 33.1 sem gatilho; risco cumulativo 3d 10.28 atingiu laranja; onda de calor P95 ≥ 2 dias detectada; pressão assistencial indisponível; ocupação de leitos 58.08 sem gatilho; z-score assistencial indisponível; Autonomia de insumos indisponível/infinita; falhas infraestrutura % indisponível,2026-07-29,58.0847723704867,637,422,370,76,31,12,2026-06-19 10:20:00,INDICASUS_TEMPO_REAL,267.0
5104203,Guiratinga,-16.360928205128204,-53.59513333333333,2026-07-29,Guiratinga,-16.360928205128204,-53.59513333333333,35.1,25.4,,34.0,13.5,,openmeteo,30.25,35.74046878657565,33.300000000000004,28.630000000000003,p95_proxy_previsao_q70,1.6199999999999974,1,2,1,1,1.6199999999999974,2,29.350000000000005,27.964285714285715,,5.3551171966439135,9.758140289821709,,,,,,,,,,,,,,,,,,,,,,,,,0,,,,,,,,,,,,0,,,0,,,,,,,,,,,,,,,,,,0,13.6,54.3,0,0,0,0,laranja,2,UTCI/proxy 33.3 entre 32 e 38; Tmax 35.1 sem gatilho; risco cumulativo 3d 9.76 atingiu laranja; onda de calor P95 ≥ 2 dias detectada; pressão assistencial indisponível; ocupação de leitos 45.65 sem gatilho; z-score assistencial indisponível; Autonomia de insumos indisponível/infinita; falhas infraestrutura % indisponível,2026-07-29,45.6541947478503,,,,,,,,INDICASUS_TEMPO_REAL_ESTADUAL_FALLBACK,
5104500,Indiavaí,-15.337705,-58.601545,2026-07-29,Indiavaí,-15.337705,-58.601545,34.0,25.3,,56.0,16.5,,openmeteo,29.65,40.564670267111154,32.84,29.21,p95_proxy_previsao_q70,0.4399999999999977,1,2,1,1,0.4399999999999977,1,29.5,27.67142857142857,,4.92116756677779,13.617686420819501,,,,,,,,,,,,,,,,,,,,,,,,,0,,,,,,,,,,,,0,,,0,,,,,,,,,,,,,,,,,,0,13.6,54.3,0,0,0,0,vermelha,3,UTCI/proxy 32.8 entre 32 e 38; Tmax 34.0 sem gatilho; risco cumulativo 3d 13.62 atingiu vermelha; onda de calor P95 ≥ 2 dias detectada; pressão assistencial indisponível; ocupação de leitos 45.65 sem gatilho; z-score assistencial indisponível; Autonomia de insumos indisponível/infinita; falhas infraestrutura % indisponível,2026-07-29,45.6541947478503,,,,,,,,INDICASUS_TEMPO_REAL_ESTADUAL_FALLBACK,
5104526,Ipiranga do Norte,-11.969256862745098,-56.021380392156864,2026-07-29,Ipiranga do Norte,-11.969256862745098,-56.021380392156864,33.9,23.3,,62.0,9.2,,openmeteo,28.6,42.74355978799784,32.980000000000004,27.92,p95_proxy_previsao_q70,0.6799999999999997,1,2,1,1,0.6799999999999997,1,28.150000000000002,27.714285714285715,,5.845889946999463,13.52766882289669,,,,,,,,,,,,,,,,,,,,,,,,,0,,,,,,,,,,,,0,,,0,,,,,,,,,,,,,,,,,,0,13.6,54.3,0,0,0,0,vermelha,3,UTCI/proxy 33.0 entre 32 e 38; Tmax 33.9 sem gatilho; risco cumulativo 3d 13.53 atingiu vermelha; onda de calor P95 ≥ 2 dias detectada; pressão assistencial indisponível; ocupação de leitos 45.65 sem gatilho; z-score assistencial indisponível; Autonomia de insumos indisponível/infinita; falhas infraestrutura % indisponível,2026-07-29,45.6541947478503,,,,,,,,INDICASUS_TEMPO_REAL_ESTADUAL_FALLBACK,
5104542,Itanhangá,-12.138629729729729,-56.77793783783784,2026-07-29,Itanhangá,-12.138629729729729,-56.77793783783784,33.2,23.1,,69.0,7.2,,openmeteo,28.150000000000002,43.67052480865786,32.56,27.78,p95_proxy_previsao_q70,0.370000000000001,1,1,0,2,0.0,0,27.78333333333333,27.414285714285715,,3.847631202164468,12.047164338061693,,,,,,,,,,,,,,,,,,,,,,,,,0,,,,,,,,,,,,0,,,0,,,,,,,,,,,,,,,,,,0,13.6,54.3,0,0,0,0,vermelha,3,UTCI/proxy 32.6 entre 32 e 38; Tmax 33.2 sem gatilho; risco cumulativo 3d 12.05 atingiu vermelha; onda de calor P95 ≥ 2 dias não detectada; pressão assistencial indisponível; ocupação de leitos 45.65 sem gatilho; z-score assistencial indisponível; Autonomia de insumos indisponível/infinita; falhas infraestrutura % indisponível,2026-07-29,45.6541947478503,,,,,,,,INDICASUS_TEMPO_REAL_ESTADUAL_FALLBACK,
5104559,Itaúba,-11.118943661971832,-55.5317014084507,2026-07-29,Itaúba,-11.118943661971832,-55.5317014084507,33.2,23.5,,66.0,6.2,,openmeteo,28.35,42.39100911335116,32.440000000000005,27.919999999999998,p95_proxy_previsao_q70,0.43000000000000327,1,2,1,1,0.43000000000000327,1,28.083333333333332,27.535714285714285,,4.967752278337798,12.585870995826173,,,,,,,,,,,,,,,,,,,,,,,,,0,,,,,,,,,,,,0,,,0,,,,,,,,,,,,,,,,,,0,13.6,54.3,0,0,0,0,vermelha,3,UTCI/proxy 32.4 entre 32 e 38; Tmax 33.2 sem gatilho; risco cumulativo 3d 12.59 atingiu vermelha; onda de calor P95 ≥ 2 dias detectada; pressão assistencial indisponível; ocupação de leitos 45.65 sem gatilho; z-score assistencial indisponível; Autonomia de insumos indisponível/infinita; falhas infraestrutura % indisponível,2026-07-29,45.6541947478503,,,,,,,,INDICASUS_TEMPO_REAL_ESTADUAL_FALLBACK,
5104609,Itiquira,-17.339639325842697,-54.59465730337079,2026-07-29,Itiquira,-17.339639325842697,-54.59465730337079,34.2,24.2,,37.0,17.1,,openmeteo,29.200000000000003,35.02109149203558,32.400000000000006,29.12,p95_proxy_previsao_q70,0.08000000000000185,1,2,1,1,0.08000000000000185,1,29.283333333333335,28.085714285714285,,2.7352728730089026,7.545012436110591,,,,,,,,,,,,,,,,,,,,,,,,,0,,,,,,,,,,,,0,,,0,,,,,,,,,,,,,,,,,,0,9.6,38.4,0,0,0,0,laranja,2,UTCI/proxy 32.4 entre 32 e 38; Tmax 34.2 sem gatilho; risco cumulativo 3d 7.55 atingiu laranja; onda de calor P95 ≥ 2 dias detectada; pressão assistencial indisponível; ocupação de leitos 61.61 sem gatilho; z-score assistencial indisponível; Autonomia de insumos indisponível/infinita; falhas infraestrutura % indisponível,2026-07-29,61.6071428571429,112,112,69,44,0,17,2026-06-19 10:13:00,INDICASUS_TEMPO_REAL,43.0
5104807,Jaciara,-15.9707125,-55.187775,2026-07-29,Jaciara,-15.9707125,-55.187775,32.3,24.4,,43.0,16.6,,openmeteo,28.349999999999998,33.30808120411557,30.619999999999997,28.27,p95_proxy_previsao_q70,0.0799999999999983,1,2,1,1,0.0799999999999983,1,28.333333333333332,26.771428571428572,,1.90702030102889,2.9482452176839136,,,,,,,,,,,,,,,,,,,,,,,,,0,,,,,,,,,,,,0,,,0,,,,,,,,,,,,,,,,,,0,13.6,54.3,0,0,0,0,amarela,1,UTCI/proxy 30.6 entre 26 e 32; Tmax 32.3 sem gatilho; risco cumulativo 3d 2.95 sem gatilho; onda de calor P95 ≥ 2 dias detectada; pressão assistencial indisponível; ocupação de leitos 45.65 sem gatilho; z-score assistencial indisponível; Autonomia de insumos indisponível/infinita; falhas infraestrutura % indisponível,2026-07-29,45.6541947478503,,,,,,,,INDICASUS_TEMPO_REAL_ESTADUAL_FALLBACK,
5104906,Jangada,-15.355290625,-56.58449375,2026-07-29,Jangada,-15.355290625,-56.58449375,35.1,25.8,,48.0,18.5,,openmeteo,30.450000000000003,40.13735938525119,33.620000000000005,30.050000000000004,p95_proxy_previsao_q70,0.3999999999999986,1,1,0,2,0.0,0,30.400000000000002,29.192857142857143,,4.0543398463128,14.715728954868371,,,,,,,,,,,,,,,,,,,,,,,,,0,,,,,,,,,,,,0,,,0,,,,,,,,,,,,,,,,,,0,21.2,84.7,0,0,0,0,vermelha,3,UTCI/proxy 33.6 entre 32 e 38; Tmax 35.1 sem gatilho; risco cumulativo 3d 14.72 atingiu vermelha; onda de calor P95 ≥ 2 dias não detectada; pressão assistencial indisponível; ocupação de leitos 15.25 sem gatilho; z-score assistencial indisponível; Autonomia de insumos indisponível/infinita; falhas infraestrutura % indisponível,2026-07-29,15.2542372881356,59,56,9,0,13,0,2026-06-19 00:00:00,INDICASUS_TEMPO_REAL,50.0
5105002,Jauru,-15.311577419354839,-58.88177741935484,2026-07-29,Jauru,-15.311577419354839,-58.88177741935484,32.1,25.1,,58.0,20.0,,openmeteo,28.6,36.70606677129562,31.020000000000003,28.28,p95_proxy_previsao_q70,0.3200000000000003,1,1,0,2,0.0,0,28.599999999999998,27.085714285714285,,1.4965166928239046,5.203636271705591,,,,,,,,,,,,,,,,,,,,,,,,,0,,,,,,,,,,,,0,,,0,,,,,,,,,,,,,,,,,,0,13.6,54.3,0,0,0,0,amarela,1,UTCI/proxy 31.0 entre 26 e 32; Tmax 32.1 sem gatilho; risco cumulativo 3d 5.20 atingiu amarela; onda de calor P95 ≥ 2 dias não detectada; pressão assistencial indisponível; ocupação de leitos 45.65 sem gatilho; z-score assistencial indisponível; Autonomia de insumos indisponível/infinita; falhas infraestrutura % indisponível,2026-07-29,45.6541947478503,,,,,,,,INDICASUS_TEMPO_REAL_ESTADUAL_FALLBACK,
5105101,Juara,-11.150398611111111,-57.59794791666666,2026-07-29,Juara,-11.150398611111111,-57.59794791666666,28.7,23.2,,84.0,6.7,,openmeteo,25.95,34.73429981949102,28.66,27.5,p95_proxy_previsao_q70,0.0,0,0,0,0,0.0,0,26.95,27.25,,0.6835749548727552,8.740532398241145,,,,,,,,,,,,,,,,,,,,,,,,,0,,,,,,,,,,,,0,,,0,,,,,,,,,,,,,,,,,,0,16.5,65.9,0,0,0,0,laranja,2,UTCI/proxy 28.7 entre 26 e 32; Tmax 28.7 sem gatilho; risco cumulativo 3d 8.74 atingiu laranja; onda de calor P95 ≥ 2 dias não detectada; pressão assistencial indisponível; ocupação de leitos 34.11 sem gatilho; z-score assistencial indisponível; Autonomia de insumos indisponível/infinita; falhas infraestrutura % indisponível,2026-07-29,34.1085271317829,129,32,44,0,0,1,2026-06-18 20:00:00,INDICASUS_TEMPO_REAL,85.0
5105150,Juína,-11.412784782608696,-59.38167826086956,2026-07-29,Juína,-11.412784782608696,-59.38167826086956,28.3,21.7,,87.0,7.1,,openmeteo,25.0,34.13166611225796,28.38,27.5,p95_proxy_previsao_q70,0.0,0,0,0,0,0.0,0,25.933333333333337,26.185714285714287,,0.5329165280644901,8.623236198757281,,,,,,,,,,,,,,,,,,,,,,,,,0,,,,,,,,,,,,0,,,0,,,,,,,,,,,,,,,,,,0,13.6,54.3,0,0,0,0,laranja,2,UTCI/proxy 28.4 entre 26 e 32; Tmax 28.3 sem gatilho; risco cumulativo 3d 8.62 atingiu laranja; onda de calor P95 ≥ 2 dias não detectada; pressão assistencial indisponível; ocupação de leitos 45.65 sem gatilho; z-score assistencial indisponível; Autonomia de insumos indisponível/infinita; falhas infraestrutura % indisponível,2026-07-29,45.6541947478503,,,,,,,,INDICASUS_TEMPO_REAL_ESTADUAL_FALLBACK,
5105176,Juruena,-10.459634482758622,-58.658434482758615,2026-07-29,Juruena,-10.459634482758622,-58.658434482758615,26.7,22.9,,94.0,8.1,,openmeteo,24.799999999999997,30.236825702735498,27.06,27.5,p95_proxy_previsao_q70,0.0,0,0,0,0,0.0,0,26.583333333333332,26.935714285714287,,0.0,9.153290657848878,,,,,,,,,,,,,,,,,,,,,,,,,0,,,,,,,,,,,,0,,,0,,,,,,,,,,,,,,,,,,0,13.6,54.3,0,0,0,0,laranja,2,UTCI/proxy 27.1 entre 26 e 32; Tmax 26.7 sem gatilho; risco cumulativo 3d 9.15 atingiu laranja; onda de calor P95 ≥ 2 dias não detectada; pressão assistencial indisponível; ocupação de leitos 45.65 sem gatilho; z-score assistencial indisponível; Autonomia de insumos indisponível/infinita; falhas infraestrutura % indisponível,2026-07-29,45.6541947478503,,,,,,,,INDICASUS_TEMPO_REAL_ESTADUAL_FALLBACK,
5105200,Juscimeira,-16.18619189189189,-54.852827027027026,2026-07-29,Juscimeira,-16.18619189189189,-54.852827027027026,35.6,24.9,,40.0,14.5,,openmeteo,30.25,38.356258128515606,33.800000000000004,28.2,p95_proxy_previsao_q70,2.0500000000000007,1,2,1,1,2.0500000000000007,3,29.083333333333332,27.87142857142857,,6.939064532128906,16.75841962939561,,,,,,,,,,,,,,,,,,,,,,,,,0,,,,,,,,,,,,0,,,0,,,,,,,,,,,,,,,,,,0,13.6,54.3,0,0,0,0,vermelha,3,UTCI/proxy 33.8 entre 32 e 38; Tmax 35.6 sem gatilho; risco cumulativo 3d 16.76 atingiu vermelha; onda de calor P95 ≥ 2 dias detectada; pressão assistencial indisponível; ocupação de leitos 45.65 sem gatilho; z-score assistencial indisponível; Autonomia de insumos indisponível/infinita; falhas infraestrutura % indisponível,2026-07-29,45.6541947478503,,,,,,,,INDICASUS_TEMPO_REAL_ESTADUAL_FALLBACK,
5105234,Lambari D'Oeste,-15.444265853658537,-57.81384634146341,2026-07-29,Lambari D'Oeste,-15.444265853658537,-57.81384634146341,34.9,24.7,,57.0,13.8,,openmeteo,29.799999999999997,43.36378617423122,33.78,27.91,p95_proxy_previsao_q70,1.889999999999997,1,2,1,1,1.889999999999997,2,28.599999999999998,27.535714285714285,,8.010946543557804,16.07210073429336,,,,,,,,,,,,,,,,,,,,,,,,,0,,,,,,,,,,,,0,,,0,,,,,,,,,,,,,,,,,,0,13.6,54.3,0,0,0,0,vermelha,3,UTCI/proxy 33.8 entre 32 e 38; Tmax 34.9 sem gatilho; risco cumulativo 3d 16.07 atingiu vermelha; onda de calor P95 ≥ 2 dias detectada; pressão assistencial indisponível; ocupação de leitos 45.65 sem gatilho; z-score assistencial indisponível; Autonomia de insumos indisponível/infinita; falhas infraestrutura % indisponível,2026-07-29,45.6541947478503,,,,,,,,INDICASUS_TEMPO_REAL_ESTADUAL_FALLBACK,
5105259,Lucas do Rio Verde,-13.0588,-55.9042,2026-07-29,Lucas do Rio Verde,-13.052739583333334,-56.21874583333334,33.4,24.6,,51.0,8.8,,openmeteo,29.0,37.4194400211378,32.04,30.34,p95_proxy_previsao_q70,0.0,0,0,0,0,0.0,0,29.25,30.209999999999997,,1.3948600052844498,7.995962073502252,,,,,,,,,,,,,,,,,,,,,,,,,0,,,,,,,,,,,,0,,,0,,,,,,,,,,,,,,,,,,0,13.6,54.3,0,0,0,0,laranja,2,UTCI/proxy 32.0 entre 32 e 38; Tmax 33.4 sem gatilho; risco cumulativo 3d 8.00 atingiu laranja; onda de calor P95 ≥ 2 dias não detectada; pressão assistencial indisponível; ocupação de leitos 45.65 sem gatilho; z-score assistencial indisponível; Autonomia de insumos indisponível/infinita; falhas infraestrutura % indisponível,2026-07-29,45.6541947478503,,,,,,,,INDICASUS_TEMPO_REAL_ESTADUAL_FALLBACK,
5105309,Luciara,-10.930439534883721,-50.94908139534884,2026-07-29,Luciara,-10.930439534883721,-50.94908139534884,34.8,23.1,,56.0,10.6,,openmeteo,28.95,42.64919922295118,33.64,28.259999999999998,p95_proxy_previsao_q70,0.6900000000000013,1,2,1,1,0.6900000000000013,1,28.549999999999997,27.985714285714288,,6.492299805737797,16.481663674899494,,,,,,,,,,,,,,,,,,,,,,,,,0,,,,,,,,,,,,0,,,0,,,,,,,,,,,,,,,,,,0,13.6,54.3,0,0,0,0,vermelha,3,UTCI/proxy 33.6 entre 32 e 38; Tmax 34.8 sem gatilho; risco cumulativo 3d 16.48 atingiu vermelha; onda de calor P95 ≥ 2 dias detectada; pressão assistencial indisponível; ocupação de leitos 45.65 sem gatilho; z-score assistencial indisponível; Autonomia de insumos indisponível/infinita; falhas infraestrutura % indisponível,2026-07-29,45.6541947478503,,,,,,,,INDICASUS_TEMPO_REAL_ESTADUAL_FALLBACK,
5105507,Vila Bela da Santíssima Trindade,-15.072313580246915,-59.9430975308642,2026-07-29,Vila Bela da Santíssima Trindade,-15.072313580246915,-59.9430975308642,32.6,23.4,,67.0,12.4,,openmeteo,28.0,41.03352574707556,31.880000000000003,28.06,p95_proxy_previsao_q70,0.0,0,0,0,0,0.0,0,28.016666666666666,27.37142857142857,,2.2583814367688895,10.675044927777781,,,,,,,,,,,,,,,,,,,,,,,,,0,,,,,,,,,,,,0,,,0,,,,,,,,,,,,,,,,,,0,13.6,54.3,0,0,0,0,laranja,2,UTCI/proxy 31.9 entre 26 e 32; Tmax 32.6 sem gatilho; risco cumulativo 3d 10.68 atingiu laranja; onda de calor P95 ≥ 2 dias não detectada; pressão assistencial indisponível; ocupação de leitos 45.65 sem gatilho; z-score assistencial indisponível; Autonomia de insumos indisponível/infinita; falhas infraestrutura % indisponível,2026-07-29,45.6541947478503,,,,,,,,INDICASUS_TEMPO_REAL_ESTADUAL_FALLBACK,
5105580,Marcelândia,-10.948325974025975,-54.07891948051948,2026-07-29,Marcelândia,-10.948325974025975,-54.07891948051948,33.6,22.0,,67.0,9.1,,openmeteo,27.8,44.042385349475566,32.88,27.5,p95_proxy_previsao_q70,0.3000000000000007,1,1,0,1,0.0,0,27.3,26.67142857142857,,4.190596337368895,13.53102097925782,,,,,,,,,,,,,,,,,,,,,,,,,0,,,,,,,,,,,,0,,,0,,,,,,,,,,,,,,,,,,0,13.6,54.3,0,0,0,0,vermelha,3,UTCI/proxy 32.9 entre 32 e 38; Tmax 33.6 sem gatilho; risco cumulativo 3d 13.53 atingiu vermelha; onda de calor P95 ≥ 2 dias não detectada; pressão assistencial indisponível; ocupação de leitos 45.65 sem gatilho; z-score assistencial indisponível; Autonomia de insumos indisponível/infinita; falhas infraestrutura % indisponível,2026-07-29,45.6541947478503,,,,,,,,INDICASUS_TEMPO_REAL_ESTADUAL_FALLBACK,
5105606,Matupá,-10.016453731343283,-54.41317462686567,2026-07-29,Matupá,-10.016453731343283,-54.41317462686567,32.8,22.6,,70.0,8.4,,openmeteo,27.7,42.83768954419552,32.2,27.5,p95_proxy_previsao_q70,0.1999999999999993,1,1,0,1,0.0,0,27.316666666666666,26.842857142857145,,3.109422386048882,8.649041314883917,,,,,,,,,,,,,,,,,,,,,,,,,0,,,,,,,,,,,,0,,,0,,,,,,,,,,,,,,,,,,0,13.6,54.3,0,0,0,0,laranja,2,UTCI/proxy 32.2 entre 32 e 38; Tmax 32.8 sem gatilho; risco cumulativo 3d 8.65 atingiu laranja; onda de calor P95 ≥ 2 dias não detectada; pressão assistencial indisponível; ocupação de leitos 45.65 sem gatilho; z-score assistencial indisponível; Autonomia de insumos indisponível/infinita; falhas infraestrutura % indisponível,2026-07-29,45.6541947478503,,,,,,,,INDICASUS_TEMPO_REAL_ESTADUAL_FALLBACK,
5105622,Mirassol d'Oeste,-15.660183333333332,-58.03404333333333,2026-07-29,Mirassol d'Oeste,-15.660183333333332,-58.03404333333333,33.9,24.2,,54.0,16.8,,openmeteo,29.049999999999997,39.567818893064526,32.660000000000004,27.56,p95_proxy_previsao_q70,1.4899999999999984,1,2,1,1,1.4899999999999984,2,28.066666666666663,26.664285714285715,,5.541954723266134,9.33717844355673,,,,,,,,,,,,,,,,,,,,,,,,,0,,,,,,,,,,,,0,,,0,,,,,,,,,,,,,,,,,,0,13.6,54.3,0,0,0,0,laranja,2,UTCI/proxy 32.7 entre 32 e 38; Tmax 33.9 sem gatilho; risco cumulativo 3d 9.34 atingiu laranja; onda de calor P95 ≥ 2 dias detectada; pressão assistencial indisponível; ocupação de leitos 45.65 sem gatilho; z-score assistencial indisponível; Autonomia de insumos indisponível/infinita; falhas infraestrutura % indisponível,2026-07-29,45.6541947478503,,,,,,,,INDICASUS_TEMPO_REAL_ESTADUAL_FALLBACK,
5105903,Nobres,-14.422689705882352,-55.876227941176474,2026-07-29,Nobres,-14.422689705882352,-55.876227941176474,33.3,24.8,,44.0,14.2,,openmeteo,29.049999999999997,35.22748101695786,31.659999999999997,28.81,p95_proxy_previsao_q70,0.23999999999999844,1,1,0,2,0.0,0,28.75,28.07857142857143,,1.0468702542394634,5.470527289221124,,,,,,,,,,,,,,,,,,,,,,,,,0,,,,,,,,,,,,0,,,0,,,,,,,,,,,,,,,,,,0,9.0,36.0,0,0,0,0,amarela,1,UTCI/proxy 31.7 entre 26 e 32; Tmax 33.3 sem gatilho; risco cumulativo 3d 5.47 atingiu amarela; onda de calor P95 ≥ 2 dias não detectada; pressão assistencial indisponível; ocupação de leitos 64.02 sem gatilho; z-score assistencial indisponível; Autonomia de insumos indisponível/infinita; falhas infraestrutura % indisponível,2026-07-29,64.0243902439024,164,144,105,6,32,0,2026-06-19 07:25:00,INDICASUS_TEMPO_REAL,59.0
5106000,Nortelândia,-14.360458620689656,-56.736044827586205,2026-07-29,Nortelândia,-14.360458620689656,-56.736044827586205,33.6,23.5,,58.0,13.3,,openmeteo,28.55,40.31329650099557,32.52,28.36,p95_proxy_previsao_q70,0.19000000000000128,1,1,0,2,0.0,0,28.400000000000002,27.714285714285715,,2.788324125248897,8.545474713077278,,,,,,,,,,,,,,,,,,,,,,,,,0,,,,,,,,,,,,0,,,0,,,,,,,,,,,,,,,,,,0,13.6,54.3,0,0,0,0,laranja,2,UTCI/proxy 32.5 entre 32 e 38; Tmax 33.6 sem gatilho; risco cumulativo 3d 8.55 atingiu laranja; onda de calor P95 ≥ 2 dias não detectada; pressão assistencial indisponível; ocupação de leitos 45.65 sem gatilho; z-score assistencial indisponível; Autonomia de insumos indisponível/infinita; falhas infraestrutura % indisponível,2026-07-29,45.6541947478503,,,,,,,,INDICASUS_TEMPO_REAL_ESTADUAL_FALLBACK,
5106109,Nossa Senhora do Livramento,-15.865438554216867,-56.524753012048194,2026-07-29,Nossa Senhora do Livramento,-15.865438554216867,-56.524753012048194,36.6,27.7,,43.0,19.4,,openmeteo,32.15,41.55598597939565,34.92,31.119999999999997,p95_proxy_previsao_q70,1.0300000000000011,1,1,0,2,0.0,0,31.48333333333333,29.892857142857142,,6.3389964948489155,18.5196888416645,,,,,,,,,,,,,,,,,,,,,,,,,0,,,,,,,,,,,,0,,,0,,,,,,,,,,,,,,,,,,0,24.4,97.7,0,0,0,0,roxa,4,UTCI/proxy 34.9 entre 32 e 38; Tmax 36.6 sem gatilho; risco cumulativo 3d 18.52 atingiu roxa; onda de calor P95 ≥ 2 dias não detectada; pressão assistencial indisponível; ocupação de leitos 2.31 sem gatilho; z-score assistencial indisponível; Autonomia de insumos indisponível/infinita; falhas infraestrutura % indisponível,2026-07-29,2.30769230769231,130,0,3,0,0,0,2025-05-27 00:00:00,INDICASUS_TEMPO_REAL,127.0
5106158,Nova Bandeirantes,-9.714538554216867,-58.117857831325296,2026-07-29,Nova Bandeirantes,-9.714538554216867,-58.117857831325296,29.3,23.5,,85.0,6.8,,openmeteo,26.4,36.81852130779567,29.300000000000004,27.52,p95_proxy_previsao_q70,0.0,0,0,0,0,0.0,0,27.3,27.307142857142857,,1.2046303269489176,10.777090390317904,,,,,,,,,,,,,,,,,,,,,,,,,0,,,,,,,,,,,,0,,,0,,,,,,,,,,,,,,,,,,0,17.0,68.0,0,0,0,0,laranja,2,UTCI/proxy 29.3 entre 26 e 32; Tmax 29.3 sem gatilho; risco cumulativo 3d 10.78 atingiu laranja; onda de calor P95 ≥ 2 dias não detectada; pressão assistencial indisponível; ocupação de leitos 32.04 sem gatilho; z-score assistencial indisponível; Autonomia de insumos indisponível/infinita; falhas infraestrutura % indisponível,2026-07-29,32.0388349514563,103,96,33,0,15,0,2026-06-19 00:00:00,INDICASUS_TEMPO_REAL,70.0
5106174,Nova Nazaré,-14.13340142857143,-51.87641714285714,2026-07-29,Nova Nazaré,-14.13340142857143,-51.87641714285714,37.3,25.6,,32.0,12.0,,openmeteo,31.45,38.881621616424475,35.5,29.85,p95_proxy_previsao_q70,1.5999999999999979,1,2,1,1,1.5999999999999979,2,30.483333333333334,29.557142857142857,,8.320405404106117,19.053942292666136,,,,,,,,,,,,,,,,,,,,,,,,,0,,,,,,,,,,,,0,,,0,,,,,,,,,,,,,,,,,,0,13.6,54.3,0,0,0,0,roxa,4,UTCI/proxy 35.5 entre 32 e 38; Tmax 37.3 >= 37; risco cumulativo 3d 19.05 atingiu roxa; onda de calor P95 ≥ 2 dias detectada; pressão assistencial indisponível; ocupação de leitos 45.65 sem gatilho; z-score assistencial indisponível; Autonomia de insumos indisponível/infinita; falhas infraestrutura % indisponível,2026-07-29,45.6541947478503,,,,,,,,INDICASUS_TEMPO_REAL_ESTADUAL_FALLBACK,
5106182,Nova Lacerda,-14.336416923076923,-59.75573846153846,2026-07-29,Nova Lacerda,-14.336416923076923,-59.75573846153846,32.9,23.6,,69.0,14.1,,openmeteo,28.25,42.73153612969781,32.26,27.5,p95_proxy_previsao_q70,0.75,1,1,0,1,0.0,0,27.349999999999998,26.87142857142857,,3.69288403242445,9.576068820075044,,,,,,,,,,,,,,,,,,,,,,,,,0,,,,,,,,,,,,0,,,0,,,,,,,,,,,,,,,,,,0,13.6,54.3,0,0,0,0,laranja,2,UTCI/proxy 32.3 entre 32 e 38; Tmax 32.9 sem gatilho; risco cumulativo 3d 9.58 atingiu laranja; onda de calor P95 ≥ 2 dias não detectada; pressão assistencial indisponível; ocupação de leitos 45.65 sem gatilho; z-score assistencial indisponível; Autonomia de insumos indisponível/infinita; falhas infraestrutura % indisponível,2026-07-29,45.6541947478503,,,,,,,,INDICASUS_TEMPO_REAL_ESTADUAL_FALLBACK,
5106190,Nova Santa Helena,-10.89999090909091,-54.87074545454546,2026-07-29,Nova Santa Helena,-10.89999090909091,-54.87074545454546,33.5,22.8,,63.0,5.4,,openmeteo,28.15,42.02135291844458,32.620000000000005,27.67,p95_proxy_previsao_q70,0.4799999999999969,1,2,1,1,0.4799999999999969,1,27.75,27.47142857142857,,5.105338229611146,12.133120992957844,,,,,,,,,,,,,,,,,,,,,,,,,0,,,,,,,,,,,,0,,,0,,,,,,,,,,,,,,,,,,0,13.6,54.3,0,0,0,0,vermelha,3,UTCI/proxy 32.6 entre 32 e 38; Tmax 33.5 sem gatilho; risco cumulativo 3d 12.13 atingiu vermelha; onda de calor P95 ≥ 2 dias detectada; pressão assistencial indisponível; ocupação de leitos 45.65 sem gatilho; z-score assistencial indisponível; Autonomia de insumos indisponível/infinita; falhas infraestrutura % indisponível,2026-07-29,45.6541947478503,,,,,,,,INDICASUS_TEMPO_REAL_ESTADUAL_FALLBACK,
5106208,Nova Brasilândia,-14.763543333333333,-55.058705,2026-07-29,Nova Brasilândia,-14.763543333333333,-55.058705,35.4,23.0,,42.0,10.4,,openmeteo,29.2,38.627936674097754,33.68,28.169999999999998,p95_proxy_previsao_q70,1.0300000000000011,1,2,1,1,1.0300000000000011,2,28.583333333333332,27.74285714285714,,5.866984168524439,14.422612817521662,,,,,,,,,,,,,,,,,,,,,,,,,0,,,,,,,,,,,,0,,,0,,,,,,,,,,,,,,,,,,0,25.0,100.0,0,0,0,0,vermelha,3,UTCI/proxy 33.7 entre 32 e 38; Tmax 35.4 sem gatilho; risco cumulativo 3d 14.42 atingiu vermelha; onda de calor P95 ≥ 2 dias detectada; pressão assistencial indisponível; ocupação de leitos 0.00 sem gatilho; z-score assistencial indisponível; Autonomia de insumos indisponível/infinita; falhas infraestrutura % indisponível,2026-07-29,0.0,14,14,0,0,3,0,2025-08-01 00:00:00,INDICASUS_TEMPO_REAL,14.0
5106216,Nova Canaã do Norte,-10.724738095238095,-56.06168095238095,2026-07-29,Nova Canaã do Norte,-10.724738095238095,-56.06168095238095,33.6,23.5,,69.0,7.7,,openmeteo,28.55,44.95701901729783,32.96,28.049999999999997,p95_proxy_previsao_q70,0.5000000000000036,1,1,0,2,0.0,0,28.13333333333333,27.842857142857145,,4.699254754324462,12.261545891581154,,,,,,,,,,,,,,,,,,,,,,,,,0,,,,,,,,,,,,0,,,0,,,,,,,,,,,,,,,,,,0,13.6,54.3,0,0,0,0,vermelha,3,UTCI/proxy 33.0 entre 32 e 38; Tmax 33.6 sem gatilho; risco cumulativo 3d 12.26 atingiu vermelha; onda de calor P95 ≥ 2 dias não detectada; pressão assistencial indisponível; ocupação de leitos 45.65 sem gatilho; z-score assistencial indisponível; Autonomia de insumos indisponível/infinita; falhas infraestrutura % indisponível,2026-07-29,45.6541947478503,,,,,,,,INDICASUS_TEMPO_REAL_ESTADUAL_FALLBACK,
5106224,Nova Mutum,-13.8374,-56.0743,2026-07-29,Nova Mutum,-13.558338000000001,-56.143803,33.4,24.5,,51.0,10.6,,openmeteo,28.95,37.4194400211378,32.04,30.18,p95_proxy_previsao_q70,0.0,0,0,0,0,0.0,0,28.866666666666664,30.026666666666664,,1.3948600052844498,8.171512323892795,,,,,,,,,,,,,,,,,,,,,,,,,0,,,,,,,,,,,,0,,,0,,,,,,,,,,,,,,,,,,0,22.0,87.8,0,0,0,0,laranja,2,UTCI/proxy 32.0 entre 32 e 38; Tmax 33.4 sem gatilho; risco cumulativo 3d 8.17 atingiu laranja; onda de calor P95 ≥ 2 dias não detectada; pressão assistencial indisponível; ocupação de leitos 12.20 sem gatilho; z-score assistencial indisponível; Autonomia de insumos indisponível/infinita; falhas infraestrutura % indisponível,2026-07-29,12.1951219512195,41,41,5,0,0,0,2026-06-18 00:00:00,INDICASUS_TEMPO_REAL,36.0
5106232,Nova Olímpia,-14.789386842105264,-57.392678947368424,2026-07-29,Nova Olímpia,-14.789386842105264,-57.392678947368424,34.9,24.7,,58.0,10.5,,openmeteo,29.799999999999997,43.8178402176956,33.82,28.89,p95_proxy_previsao_q70,0.9099999999999966,1,1,0,2,0.0,0,29.116666666666664,28.05,,5.684460054423896,16.14464603724616,,,,,,,,,,,,,,,,,,,,,,,,,0,,,,,,,,,,,,0,,,0,,,,,,,,,,,,,,,,,,0,13.6,54.3,0,0,0,0,vermelha,3,UTCI/proxy 33.8 entre 32 e 38; Tmax 34.9 sem gatilho; risco cumulativo 3d 16.14 atingiu vermelha; onda de calor P95 ≥ 2 dias não detectada; pressão assistencial indisponível; ocupação de leitos 45.65 sem gatilho; z-score assistencial indisponível; Autonomia de insumos indisponível/infinita; falhas infraestrutura % indisponível,2026-07-29,45.6541947478503,,,,,,,,INDICASUS_TEMPO_REAL_ESTADUAL_FALLBACK,
5106240,Nova Ubiratã,-12.80249587628866,-54.597413402061854,2026-07-29,Nova Ubiratã,-12.80249587628866,-54.597413402061854,33.2,21.1,,62.0,7.7,,openmeteo,27.150000000000002,40.788930361457915,32.28000000000001,27.5,p95_proxy_previsao_q70,0.0,0,0,0,0,0.0,0,27.05,26.535714285714285,,2.477232590364487,10.625229975417861,,,,,,,,,,,,,,,,,,,,,,,,,0,,,,,,,,,,,,0,,,0,,,,,,,,,,,,,,,,,,0,13.6,54.3,0,0,0,0,laranja,2,UTCI/proxy 32.3 entre 32 e 38; Tmax 33.2 sem gatilho; risco cumulativo 3d 10.63 atingiu laranja; onda de calor P95 ≥ 2 dias não detectada; pressão assistencial indisponível; ocupação de leitos 45.65 sem gatilho; z-score assistencial indisponível; Autonomia de insumos indisponível/infinita; falhas infraestrutura % indisponível,2026-07-29,45.6541947478503,,,,,,,,INDICASUS_TEMPO_REAL_ESTADUAL_FALLBACK,
5106257,Nova Xavantina,-14.57782987012987,-52.28973636363636,2026-07-29,Nova Xavantina,-14.57782987012987,-52.28973636363636,37.7,24.7,,34.0,10.3,,openmeteo,31.200000000000003,40.314077607135545,35.900000000000006,29.68,p95_proxy_previsao_q70,1.5200000000000031,1,1,0,2,0.0,0,30.21666666666667,29.12857142857143,,7.498519401783895,17.132894226119483,,,,,,,,,,,,,,,,,,,,,,,,,0,,,,,,,,,,,,0,,,0,,,,,,,,,,,,,,,,,,0,13.6,54.3,0,0,0,0,vermelha,3,UTCI/proxy 35.9 entre 32 e 38; Tmax 37.7 >= 37; risco cumulativo 3d 17.13 atingiu vermelha; onda de calor P95 ≥ 2 dias não detectada; pressão assistencial indisponível; ocupação de leitos 45.65 sem gatilho; z-score assistencial indisponível; Autonomia de insumos indisponível/infinita; falhas infraestrutura % indisponível,2026-07-29,45.6541947478503,,,,,,,,INDICASUS_TEMPO_REAL_ESTADUAL_FALLBACK,
5106265,Novo Mundo,-9.868292499999999,-55.422282499999994,2026-07-29,Novo Mundo,-9.868292499999999,-55.422282499999994,33.7,22.9,,72.0,4.5,,openmeteo,28.3,46.73666565962457,33.480000000000004,28.299999999999997,p95_proxy_previsao_q70,3.552713678800501e-15,1,1,0,2,0.0,0,28.23333333333333,27.957142857142856,,5.16416641490615,14.581257435523955,,,,,,,,,,,,,,,,,,,,,,,,,0,,,,,,,,,,,,0,,,0,,,,,,,,,,,,,,,,,,0,13.6,54.3,0,0,0,0,vermelha,3,UTCI/proxy 33.5 entre 32 e 38; Tmax 33.7 sem gatilho; risco cumulativo 3d 14.58 atingiu vermelha; onda de calor P95 ≥ 2 dias não detectada; pressão assistencial indisponível; ocupação de leitos 45.65 sem gatilho; z-score assistencial indisponível; Autonomia de insumos indisponível/infinita; falhas infraestrutura % indisponível,2026-07-29,45.6541947478503,,,,,,,,INDICASUS_TEMPO_REAL_ESTADUAL_FALLBACK,
5106273,Novo Horizonte do Norte,-11.39402962962963,-57.26586296296296,2026-07-29,Novo Horizonte do Norte,-11.39402962962963,-57.26586296296296,30.8,23.4,,75.0,6.2,,openmeteo,27.1,38.57606784295115,30.400000000000006,27.5,p95_proxy_previsao_q70,0.0,0,0,0,0,0.0,0,27.2,27.292857142857144,,1.6440169607377868,8.555679598206707,,,,,,,,,,,,,,,,,,,,,,,,,0,,,,,,,,,,,,0,,,0,,,,,,,,,,,,,,,,,,0,25.0,100.0,0,0,0,0,laranja,2,UTCI/proxy 30.4 entre 26 e 32; Tmax 30.8 sem gatilho; risco cumulativo 3d 8.56 atingiu laranja; onda de calor P95 ≥ 2 dias não detectada; pressão assistencial indisponível; ocupação de leitos 0.00 sem gatilho; z-score assistencial indisponível; Autonomia de insumos indisponível/infinita; falhas infraestrutura % indisponível,2026-07-29,0.0,79,44,0,0,0,0,,INDICASUS_TEMPO_REAL,79.0
5106281,Novo São Joaquim,-15.08715,-53.32190535714285,2026-07-29,Novo São Joaquim,-15.08715,-53.32190535714285,35.9,25.4,,32.0,11.8,,openmeteo,30.65,36.515810828664485,34.1,29.44,p95_proxy_previsao_q70,1.2099999999999973,1,2,1,1,1.2099999999999973,2,29.933333333333334,28.557142857142857,,5.93895270716612,10.789555178875037,,,,,,,,,,,,,,,,,,,,,,,,,0,,,,,,,,,,,,0,,,0,,,,,,,,,,,,,,,,,,0,13.6,54.3,0,0,0,0,laranja,2,UTCI/proxy 34.1 entre 32 e 38; Tmax 35.9 sem gatilho; risco cumulativo 3d 10.79 atingiu laranja; onda de calor P95 ≥ 2 dias detectada; pressão assistencial indisponível; ocupação de leitos 45.65 sem gatilho; z-score assistencial indisponível; Autonomia de insumos indisponível/infinita; falhas infraestrutura % indisponível,2026-07-29,45.6541947478503,,,,,,,,INDICASUS_TEMPO_REAL_ESTADUAL_FALLBACK,
5106299,Paranaíta,-9.60136304347826,-56.75185652173913,2026-07-29,Paranaíta,-9.60136304347826,-56.75185652173913,31.4,23.2,,78.0,7.7,,openmeteo,27.299999999999997,41.484725007217904,31.120000000000005,27.91,p95_proxy_previsao_q70,0.0,0,0,0,0,0.0,0,27.616666666666664,27.657142857142855,,2.371181251804476,9.270311273950028,,,,,,,,,,,,,,,,,,,,,,,,,0,,,,,,,,,,,,0,,,0,,,,,,,,,,,,,,,,,,0,13.8,55.1,0,0,0,0,laranja,2,UTCI/proxy 31.1 entre 26 e 32; Tmax 31.4 sem gatilho; risco cumulativo 3d 9.27 atingiu laranja; onda de calor P95 ≥ 2 dias não detectada; pressão assistencial indisponível; ocupação de leitos 44.95 sem gatilho; z-score assistencial indisponível; Autonomia de insumos indisponível/infinita; falhas infraestrutura % indisponível,2026-07-29,44.9494949494949,198,152,89,2,10,0,2026-06-19 09:00:00,INDICASUS_TEMPO_REAL,109.0
5106307,Paranatinga,-13.492682285714286,-54.05312228571428,2026-07-29,Paranatinga,-13.492682285714286,-54.05312228571428,33.8,23.1,,49.0,10.7,,openmeteo,28.45,37.6348463880356,32.36,28.05,p95_proxy_previsao_q70,0.3999999999999986,1,1,0,2,0.0,0,28.066666666666663,27.77857142857143,,2.1687115970088975,6.602346473726698,,,,,,,,,,,,,,,,,,,,,,,,,0,,,,,,,,,,,,0,,,0,,,,,,,,,,,,,,,,,,0,13.6,54.3,0,0,0,0,laranja,2,UTCI/proxy 32.4 entre 32 e 38; Tmax 33.8 sem gatilho; risco cumulativo 3d 6.60 atingiu amarela; onda de calor P95 ≥ 2 dias não detectada; pressão assistencial indisponível; ocupação de leitos 45.65 sem gatilho; z-score assistencial indisponível; Autonomia de insumos indisponível/infinita; falhas infraestrutura % indisponível,2026-07-29,45.6541947478503,,,,,,,,INDICASUS_TEMPO_REAL_ESTADUAL_FALLBACK,
5106315,Novo Santo Antônio,-12.284695238095237,-50.871071428571426,2026-07-29,Novo Santo Antônio,-12.284695238095237,-50.871071428571426,36.7,24.9,,37.0,7.7,,openmeteo,30.8,39.471019614035626,34.900000000000006,30.22,p95_proxy_previsao_q70,0.5800000000000018,1,1,0,2,0.0,0,30.25,30.05,,5.347754903508914,16.462520563264476,,,,,,,,,,,,,,,,,,,,,,,,,0,,,,,,,,,,,,0,,,0,,,,,,,,,,,,,,,,,,0,13.6,54.3,0,0,0,0,vermelha,3,UTCI/proxy 34.9 entre 32 e 38; Tmax 36.7 sem gatilho; risco cumulativo 3d 16.46 atingiu vermelha; onda de calor P95 ≥ 2 dias não detectada; pressão assistencial indisponível; ocupação de leitos 45.65 sem gatilho; z-score assistencial indisponível; Autonomia de insumos indisponível/infinita; falhas infraestrutura % indisponível,2026-07-29,45.6541947478503,,,,,,,,INDICASUS_TEMPO_REAL_ESTADUAL_FALLBACK,
5106372,Pedra Preta,-16.766936842105263,-54.191997368421056,2026-07-29,Pedra Preta,-16.766936842105263,-54.191997368421056,34.8,25.8,,33.0,14.1,,openmeteo,30.299999999999997,35.03127423233778,33.0,30.18,p95_proxy_previsao_q70,0.11999999999999744,1,2,1,1,0.11999999999999744,1,30.366666666666664,29.157142857142855,,3.377818558084442,10.850026978348358,,,,,,,,,,,,,,,,,,,,,,,,,0,,,,,,,,,,,,0,,,0,,,,,,,,,,,,,,,,,,0,13.6,54.3,0,0,0,0,laranja,2,UTCI/proxy 33.0 entre 32 e 38; Tmax 34.8 sem gatilho; risco cumulativo 3d 10.85 atingiu laranja; onda de calor P95 ≥ 2 dias detectada; pressão assistencial indisponível; ocupação de leitos 45.65 sem gatilho; z-score assistencial indisponível; Autonomia de insumos indisponível/infinita; falhas infraestrutura % indisponível,2026-07-29,45.6541947478503,,,,,,,,INDICASUS_TEMPO_REAL_ESTADUAL_FALLBACK,
5106422,Peixoto de Azevedo,-10.228835416666668,-53.85632604166667,2026-07-29,Peixoto de Azevedo,-10.228835416666668,-53.85632604166667,32.8,22.5,,65.0,6.2,,openmeteo,27.65,40.836922869350964,32.0,27.5,p95_proxy_previsao_q70,0.14999999999999858,1,1,0,1,0.0,0,27.21666666666667,26.849999999999998,,2.3592307173377396,9.097878648954985,,,,,,,,,,,,,,,,,,,,,,,,,0,,,,,,,,,,,,0,,,0,,,,,,,,,,,,,,,,,,0,23.6,94.5,0,0,0,0,laranja,2,UTCI/proxy 32.0 entre 26 e 32; Tmax 32.8 sem gatilho; risco cumulativo 3d 9.10 atingiu laranja; onda de calor P95 ≥ 2 dias não detectada; pressão assistencial indisponível; ocupação de leitos 5.46 sem gatilho; z-score assistencial indisponível; Autonomia de insumos indisponível/infinita; falhas infraestrutura % indisponível,2026-07-29,5.46448087431694,183,81,10,0,22,0,2026-06-19 00:00:00,INDICASUS_TEMPO_REAL,173.0
5106455,Planalto da Serra,-14.608345945945945,-54.660340540540545,2026-07-29,Planalto da Serra,-14.608345945945945,-54.660340540540545,35.2,24.3,,40.0,12.4,,openmeteo,29.75,37.590685680995556,33.400000000000006,28.75,p95_proxy_previsao_q70,1.0,1,1,0,1,0.0,0,29.083333333333332,28.321428571428573,,3.7976714202488946,10.971537034010595,,,,,,,,,,,,,,,,,,,,,,,,,0,,,,,,,,,,,,0,,,0,,,,,,,,,,,,,,,,,,0,13.6,54.3,0,0,0,0,laranja,2,UTCI/proxy 33.4 entre 32 e 38; Tmax 35.2 sem gatilho; risco cumulativo 3d 10.97 atingiu laranja; onda de calor P95 ≥ 2 dias não detectada; pressão assistencial indisponível; ocupação de leitos 45.65 sem gatilho; z-score assistencial indisponível; Autonomia de insumos indisponível/infinita; falhas infraestrutura % indisponível,2026-07-29,45.6541947478503,,,,,,,,INDICASUS_TEMPO_REAL_ESTADUAL_FALLBACK,
5106505,Poconé,-16.812887096774194,-56.951682258064515,2026-07-29,Poconé,-16.812887096774194,-56.951682258064515,35.6,25.2,,52.0,19.5,,openmeteo,30.4,43.00229427667568,34.28,29.36,p95_proxy_previsao_q70,1.0399999999999991,1,1,0,2,0.0,0,29.816666666666666,28.292857142857144,,6.0705735691689195,18.49958969970671,,,,,,,,,,,,,,,,,,,,,,,,,0,,,,,,,,,,,,0,,,0,,,,,,,,,,,,,,,,,,0,23.3,93.2,0,0,0,0,roxa,4,UTCI/proxy 34.3 entre 32 e 38; Tmax 35.6 sem gatilho; risco cumulativo 3d 18.50 atingiu roxa; onda de calor P95 ≥ 2 dias não detectada; pressão assistencial indisponível; ocupação de leitos 6.82 sem gatilho; z-score assistencial indisponível; Autonomia de insumos indisponível/infinita; falhas infraestrutura % indisponível,2026-07-29,6.81818181818182,44,44,3,0,149,0,2026-06-18 13:21:00,INDICASUS_TEMPO_REAL,41.0
5106653,Pontal do Araguaia,-15.943068292682927,-52.705487804878054,2026-07-29,Pontal do Araguaia,-15.943068292682927,-52.705487804878054,36.2,24.2,,32.0,11.7,,openmeteo,30.200000000000003,37.004686493724485,34.400000000000006,28.51,p95_proxy_previsao_q70,1.6900000000000013,1,2,1,1,1.6900000000000013,2,29.083333333333332,27.87857142857143,,6.841171623431128,12.717588546991157,,,,,,,,,,,,,,,,,,,,,,,,,0,,,,,,,,,,,,0,,,0,,,,,,,,,,,,,,,,,,0,13.6,54.3,0,0,0,0,vermelha,3,UTCI/proxy 34.4 entre 32 e 38; Tmax 36.2 sem gatilho; risco cumulativo 3d 12.72 atingiu vermelha; onda de calor P95 ≥ 2 dias detectada; pressão assistencial indisponível; ocupação de leitos 45.65 sem gatilho; z-score assistencial indisponível; Autonomia de insumos indisponível/infinita; falhas infraestrutura % indisponível,2026-07-29,45.6541947478503,,,,,,,,INDICASUS_TEMPO_REAL_ESTADUAL_FALLBACK,
5106703,Ponte Branca,-16.63945384615385,-52.94526153846154,2026-07-29,Ponte Branca,-16.63945384615385,-52.94526153846154,34.4,25.1,,32.0,16.2,,openmeteo,29.75,34.21939078076442,32.6,28.169999999999998,p95_proxy_previsao_q70,1.5800000000000018,1,2,1,1,1.5800000000000018,2,28.866666666666664,27.37857142857143,,4.2348476951911085,6.926086830812821,,,,,,,,,,,,,,,,,,,,,,,,,0,,,,,,,,,,,,0,,,0,,,,,,,,,,,,,,,,,,0,13.6,54.3,0,0,0,0,laranja,2,UTCI/proxy 32.6 entre 32 e 38; Tmax 34.4 sem gatilho; risco cumulativo 3d 6.93 atingiu amarela; onda de calor P95 ≥ 2 dias detectada; pressão assistencial indisponível; ocupação de leitos 45.65 sem gatilho; z-score assistencial indisponível; Autonomia de insumos indisponível/infinita; falhas infraestrutura % indisponível,2026-07-29,45.6541947478503,,,,,,,,INDICASUS_TEMPO_REAL_ESTADUAL_FALLBACK,
5106752,Pontes e Lacerda,-15.440430379746836,-59.39679240506329,2026-07-29,Pontes e Lacerda,-15.440430379746836,-59.39679240506329,33.6,23.8,,59.0,20.5,,openmeteo,28.700000000000003,40.69638615836449,32.56,27.74,p95_proxy_previsao_q70,0.9600000000000044,1,2,1,1,0.9600000000000044,1,28.099999999999998,27.25,,5.194096539591129,11.713289348339526,,,,,,,,,,,,,,,,,,,,,,,,,0,,,,,,,,,,,,0,,,0,,,,,,,,,,,,,,,,,,0,16.6,66.2,0,0,0,0,laranja,2,UTCI/proxy 32.6 entre 32 e 38; Tmax 33.6 sem gatilho; risco cumulativo 3d 11.71 atingiu laranja; onda de calor P95 ≥ 2 dias detectada; pressão assistencial indisponível; ocupação de leitos 33.78 sem gatilho; z-score assistencial indisponível; Autonomia de insumos indisponível/infinita; falhas infraestrutura % indisponível,2026-07-29,33.7837837837838,370,331,125,33,217,3,2026-06-19 10:19:00,INDICASUS_TEMPO_REAL,245.0
5106778,Porto Alegre do Norte,-10.845046,-51.738977999999996,2026-07-29,Porto Alegre do Norte,-10.845046,-51.738977999999996,36.0,24.3,,51.0,12.7,,openmeteo,30.15,43.591410673777844,34.64,28.950000000000003,p95_proxy_previsao_q70,1.1999999999999957,1,2,1,1,1.1999999999999957,2,29.416666666666668,28.75714285714286,,8.237852668444457,19.358146762773394,,,,,,,,,,,,,,,,,,,,,,,,,0,,,,,,,,,,,,0,,,0,,,,,,,,,,,,,,,,,,0,13.6,54.3,0,0,0,0,roxa,4,UTCI/proxy 34.6 entre 32 e 38; Tmax 36.0 sem gatilho; risco cumulativo 3d 19.36 atingiu roxa; onda de calor P95 ≥ 2 dias detectada; pressão assistencial indisponível; ocupação de leitos 45.65 sem gatilho; z-score assistencial indisponível; Autonomia de insumos indisponível/infinita; falhas infraestrutura % indisponível,2026-07-29,45.6541947478503,,,,,,,,INDICASUS_TEMPO_REAL_ESTADUAL_FALLBACK,
5106802,Porto dos Gaúchos,-11.723904000000001,-56.802536,2026-07-29,Porto dos Gaúchos,-11.723904000000001,-56.802536,32.0,22.7,,73.0,5.6,,openmeteo,27.35,41.53152559155571,31.520000000000003,27.5,p95_proxy_previsao_q70,0.0,0,0,0,0,0.0,0,27.3,27.12857142857143,,2.3828813978889283,9.714886867909001,,,,,,,,,,,,,,,,,,,,,,,,,0,,,,,,,,,,,,0,,,0,,,,,,,,,,,,,,,,,,0,21.5,86.0,0,0,0,0,laranja,2,UTCI/proxy 31.5 entre 26 e 32; Tmax 32.0 sem gatilho; risco cumulativo 3d 9.71 atingiu laranja; onda de calor P95 ≥ 2 dias não detectada; pressão assistencial indisponível; ocupação de leitos 14.00 sem gatilho; z-score assistencial indisponível; Autonomia de insumos indisponível/infinita; falhas infraestrutura % indisponível,2026-07-29,14.0,50,47,7,0,0,0,2026-06-19 08:24:00,INDICASUS_TEMPO_REAL,43.0
5106828,Porto Esperidião,-15.918285106382978,-58.991746808510634,2026-07-29,Porto Esperidião,-15.918285106382978,-58.991746808510634,33.6,25.2,,54.0,22.9,,openmeteo,29.4,38.85907174156451,32.36000000000001,28.36,p95_proxy_previsao_q70,1.0399999999999991,1,2,1,1,1.0399999999999991,2,28.766666666666666,27.285714285714285,,4.614767935391134,10.240919731327805,,,,,,,,,,,,,,,,,,,,,,,,,0,,,,,,,,,,,,0,,,0,,,,,,,,,,,,,,,,,,0,13.6,54.3,0,0,0,0,laranja,2,UTCI/proxy 32.4 entre 32 e 38; Tmax 33.6 sem gatilho; risco cumulativo 3d 10.24 atingiu laranja; onda de calor P95 ≥ 2 dias detectada; pressão assistencial indisponível; ocupação de leitos 45.65 sem gatilho; z-score assistencial indisponível; Autonomia de insumos indisponível/infinita; falhas infraestrutura % indisponível,2026-07-29,45.6541947478503,,,,,,,,INDICASUS_TEMPO_REAL_ESTADUAL_FALLBACK,
5106851,Porto Estrela,-15.533489130434782,-57.21728260869565,2026-07-29,Porto Estrela,-15.533489130434782,-57.21728260869565,34.0,24.6,,53.0,15.2,,openmeteo,29.3,39.441867661777856,32.720000000000006,28.91,p95_proxy_previsao_q70,0.39000000000000057,1,1,0,2,0.0,0,29.099999999999998,28.085714285714285,,2.9704669154444705,8.7209571919445,,,,,,,,,,,,,,,,,,,,,,,,,0,,,,,,,,,,,,0,,,0,,,,,,,,,,,,,,,,,,0,13.6,54.3,0,0,0,0,laranja,2,UTCI/proxy 32.7 entre 32 e 38; Tmax 34.0 sem gatilho; risco cumulativo 3d 8.72 atingiu laranja; onda de calor P95 ≥ 2 dias não detectada; pressão assistencial indisponível; ocupação de leitos 45.65 sem gatilho; z-score assistencial indisponível; Autonomia de insumos indisponível/infinita; falhas infraestrutura % indisponível,2026-07-29,45.6541947478503,,,,,,,,INDICASUS_TEMPO_REAL_ESTADUAL_FALLBACK,
5107008,Poxoréu,-15.787702150537635,-54.166440860215054,2026-07-29,Poxoréu,-15.787702150537635,-54.166440860215054,34.4,24.5,,36.0,18.1,,openmeteo,29.45,35.10459696540446,32.6,29.01,p95_proxy_previsao_q70,0.4399999999999977,1,2,1,1,0.4399999999999977,1,29.21666666666667,28.114285714285717,,3.3161492413511144,5.064965880966673,,,,,,,,,,,,,,,,,,,,,,,,,0,,,,,,,,,,,,0,,,0,,,,,,,,,,,,,,,,,,0,13.6,54.3,0,0,0,0,laranja,2,UTCI/proxy 32.6 entre 32 e 38; Tmax 34.4 sem gatilho; risco cumulativo 3d 5.06 atingiu amarela; onda de calor P95 ≥ 2 dias detectada; pressão assistencial indisponível; ocupação de leitos 45.65 sem gatilho; z-score assistencial indisponível; Autonomia de insumos indisponível/infinita; falhas infraestrutura % indisponível,2026-07-29,45.6541947478503,,,,,,,,INDICASUS_TEMPO_REAL_ESTADUAL_FALLBACK,
5107040,Primavera do Leste,-15.5606,-54.297,2026-07-29,Primavera do Leste,-15.142152702702703,-54.226282432432434,34.2,24.3,,37.0,13.1,,openmeteo,29.25,35.02109149203558,32.400000000000006,29.88,p95_proxy_previsao_q70,0.0,0,0,0,0,0.0,0,28.333333333333332,29.58833333333333,,1.1552728730089008,3.790720508939499,,,,,,,,,,,,,,,,,,,,,,,,,0,,,,,,,,,,,,0,,,0,,,,,,,,,,,,,,,,,,0,13.6,54.3,0,0,0,0,laranja,2,UTCI/proxy 32.4 entre 32 e 38; Tmax 34.2 sem gatilho; risco cumulativo 3d 3.79 atingiu amarela; onda de calor P95 ≥ 2 dias não detectada; pressão assistencial indisponível; ocupação de leitos 45.65 sem gatilho; z-score assistencial indisponível; Autonomia de insumos indisponível/infinita; falhas infraestrutura % indisponível,2026-07-29,45.6541947478503,,,,,,,,INDICASUS_TEMPO_REAL_ESTADUAL_FALLBACK,
5107065,Querência,-12.227055357142858,-52.74756071428572,2026-07-29,Querência,-12.227055357142858,-52.74756071428572,33.4,21.2,,61.0,6.4,,openmeteo,27.299999999999997,40.94211754771561,32.440000000000005,27.5,p95_proxy_previsao_q70,0.0,0,0,0,0,0.0,0,26.633333333333336,26.17142857142857,,2.6755293869289076,10.205862328691202,,,,,,,,,,,,,,,,,,,,,,,,,0,,,,,,,,,,,,0,,,0,,,,,,,,,,,,,,,,,,0,7.0,28.0,0,0,0,0,laranja,2,UTCI/proxy 32.4 entre 32 e 38; Tmax 33.4 sem gatilho; risco cumulativo 3d 10.21 atingiu laranja; onda de calor P95 ≥ 2 dias não detectada; pressão assistencial indisponível; ocupação de leitos 72.00 sem gatilho; z-score assistencial indisponível; Autonomia de insumos indisponível/infinita; falhas infraestrutura % indisponível,2026-07-29,72.0,25,25,18,0,11,0,2026-06-19 07:00:00,INDICASUS_TEMPO_REAL,7.0
5107107,São José dos Quatro Marcos,-15.560725,-58.311975,2026-07-29,São José dos Quatro Marcos,-15.560725,-58.311975,36.1,26.7,,49.0,17.7,,openmeteo,31.4,42.94195360587572,34.660000000000004,29.54,p95_proxy_previsao_q70,1.8599999999999994,1,2,1,1,1.8599999999999994,2,30.400000000000002,28.521428571428572,,8.755488401468932,21.14366373385785,,,,,,,,,,,,,,,,,,,,,,,,,0,,,,,,,,,,,,0,,,0,,,,,,,,,,,,,,,,,,0,13.6,54.3,0,0,0,0,roxa,4,UTCI/proxy 34.7 entre 32 e 38; Tmax 36.1 sem gatilho; risco cumulativo 3d 21.14 atingiu roxa; onda de calor P95 ≥ 2 dias detectada; pressão assistencial indisponível; ocupação de leitos 45.65 sem gatilho; z-score assistencial indisponível; Autonomia de insumos indisponível/infinita; falhas infraestrutura % indisponível,2026-07-29,45.6541947478503,,,,,,,,INDICASUS_TEMPO_REAL_ESTADUAL_FALLBACK,
5107156,Reserva do Cabaçal,-14.95955625,-58.45201875,2026-07-29,Reserva do Cabaçal,-14.95955625,-58.45201875,31.2,23.1,,63.0,16.7,,openmeteo,27.15,36.0769945446045,30.32,27.5,p95_proxy_previsao_q70,0.0,0,0,0,0,0.0,0,26.566666666666663,25.75,,1.0192486361511257,3.522854254544507,,,,,,,,,,,,,,,,,,,,,,,,,0,,,,,,,,,,,,0,,,0,,,,,,,,,,,,,,,,,,0,13.6,54.3,0,0,0,0,amarela,1,UTCI/proxy 30.3 entre 26 e 32; Tmax 31.2 sem gatilho; risco cumulativo 3d 3.52 atingiu amarela; onda de calor P95 ≥ 2 dias não detectada; pressão assistencial indisponível; ocupação de leitos 45.65 sem gatilho; z-score assistencial indisponível; Autonomia de insumos indisponível/infinita; falhas infraestrutura % indisponível,2026-07-29,45.6541947478503,,,,,,,,INDICASUS_TEMPO_REAL_ESTADUAL_FALLBACK,
5107180,Ribeirão Cascalheira,-12.881977011494252,-51.59953103448276,2026-07-29,Ribeirão Cascalheira,-12.881977011494252,-51.59953103448276,36.1,24.5,,39.0,14.2,,openmeteo,30.3,38.99620826783118,34.300000000000004,29.639999999999997,p95_proxy_previsao_q70,0.6600000000000037,1,1,0,2,0.0,0,29.75,29.292857142857144,,4.709052066957803,12.75306686767115,,,,,,,,,,,,,,,,,,,,,,,,,0,,,,,,,,,,,,0,,,0,,,,,,,,,,,,,,,,,,0,17.2,68.9,0,0,0,0,vermelha,3,UTCI/proxy 34.3 entre 32 e 38; Tmax 36.1 sem gatilho; risco cumulativo 3d 12.75 atingiu vermelha; onda de calor P95 ≥ 2 dias não detectada; pressão assistencial indisponível; ocupação de leitos 31.07 sem gatilho; z-score assistencial indisponível; Autonomia de insumos indisponível/infinita; falhas infraestrutura % indisponível,2026-07-29,31.0734463276836,177,132,55,2,90,0,2026-06-19 06:00:00,INDICASUS_TEMPO_REAL,122.0
5107198,Ribeirãozinho,-16.483372727272727,-52.751245454545455,2026-07-29,Ribeirãozinho,-16.483372727272727,-52.751245454545455,36.3,25.3,,29.0,13.1,,openmeteo,30.799999999999997,36.37343588479117,34.5,28.049999999999997,p95_proxy_previsao_q70,2.75,1,1,0,2,0.0,0,28.966666666666665,27.61428571428571,,6.343358971197793,11.353365638655028,,,,,,,,,,,,,,,,,,,,,,,,,0,,,,,,,,,,,,0,,,0,,,,,,,,,,,,,,,,,,0,13.6,54.3,0,0,0,0,laranja,2,UTCI/proxy 34.5 entre 32 e 38; Tmax 36.3 sem gatilho; risco cumulativo 3d 11.35 atingiu laranja; onda de calor P95 ≥ 2 dias não detectada; pressão assistencial indisponível; ocupação de leitos 45.65 sem gatilho; z-score assistencial indisponível; Autonomia de insumos indisponível/infinita; falhas infraestrutura % indisponível,2026-07-29,45.6541947478503,,,,,,,,INDICASUS_TEMPO_REAL_ESTADUAL_FALLBACK,
5107206,Rio Branco,-15.271700000000001,-58.12481666666666,2026-07-29,Rio Branco,-15.271700000000001,-58.12481666666666,35.1,26.4,,56.0,14.8,,openmeteo,30.75,43.46400177757115,33.940000000000005,28.47,p95_proxy_previsao_q70,2.280000000000001,1,2,1,1,2.280000000000001,3,29.5,27.91428571428571,,8.586000444392793,17.796991825408377,,,,,,,,,,,,,,,,,,,,,,,,,0,,,,,,,,,,,,0,,,0,,,,,,,,,,,,,,,,,,0,13.6,54.3,0,0,0,0,vermelha,3,UTCI/proxy 33.9 entre 32 e 38; Tmax 35.1 sem gatilho; risco cumulativo 3d 17.80 atingiu vermelha; onda de calor P95 ≥ 2 dias detectada; pressão assistencial indisponível; ocupação de leitos 45.65 sem gatilho; z-score assistencial indisponível; Autonomia de insumos indisponível/infinita; falhas infraestrutura % indisponível,2026-07-29,45.6541947478503,,,,,,,,INDICASUS_TEMPO_REAL_ESTADUAL_FALLBACK,
5107248,Santa Carmem,-11.934453225806452,-54.88647419354839,2026-07-29,Santa Carmem,-11.934453225806452,-54.88647419354839,33.7,22.5,,61.0,8.5,,openmeteo,28.1,41.761228045395555,32.74000000000001,27.5,p95_proxy_previsao_q70,0.6000000000000014,1,1,0,1,0.0,0,27.433333333333334,27.014285714285712,,3.7803070113488992,11.078189810155562,,,,,,,,,,,,,,,,,,,,,,,,,0,,,,,,,,,,,,0,,,0,,,,,,,,,,,,,,,,,,0,13.6,54.3,0,0,0,0,laranja,2,UTCI/proxy 32.7 entre 32 e 38; Tmax 33.7 sem gatilho; risco cumulativo 3d 11.08 atingiu laranja; onda de calor P95 ≥ 2 dias não detectada; pressão assistencial indisponível; ocupação de leitos 45.65 sem gatilho; z-score assistencial indisponível; Autonomia de insumos indisponível/infinita; falhas infraestrutura % indisponível,2026-07-29,45.6541947478503,,,,,,,,INDICASUS_TEMPO_REAL_ESTADUAL_FALLBACK,
5107263,Santo Afonso,-14.449897674418605,-57.351460465116276,2026-07-29,Santo Afonso,-14.449897674418605,-57.351460465116276,33.9,24.4,,62.0,12.2,,openmeteo,29.15,42.74355978799784,32.980000000000004,27.63,p95_proxy_previsao_q70,1.5199999999999996,1,1,0,2,0.0,0,28.266666666666666,27.114285714285717,,5.185889946999463,14.918603568308383,,,,,,,,,,,,,,,,,,,,,,,,,0,,,,,,,,,,,,0,,,0,,,,,,,,,,,,,,,,,,0,13.6,54.3,0,0,0,0,vermelha,3,UTCI/proxy 33.0 entre 32 e 38; Tmax 33.9 sem gatilho; risco cumulativo 3d 14.92 atingiu vermelha; onda de calor P95 ≥ 2 dias não detectada; pressão assistencial indisponível; ocupação de leitos 45.65 sem gatilho; z-score assistencial indisponível; Autonomia de insumos indisponível/infinita; falhas infraestrutura % indisponível,2026-07-29,45.6541947478503,,,,,,,,INDICASUS_TEMPO_REAL_ESTADUAL_FALLBACK,
5107297,São José do Povo,-16.458933333333334,-54.26433333333333,2026-07-29,São José do Povo,-16.458933333333334,-54.26433333333333,34.6,24.4,,38.0,7.3,,openmeteo,29.5,35.93861748935116,32.800000000000004,29.22,p95_proxy_previsao_q70,0.28000000000000114,1,2,1,1,0.28000000000000114,1,29.516666666666666,28.349999999999998,,3.5646543723377953,11.549977011826716,,,,,,,,,,,,,,,,,,,,,,,,,0,,,,,,,,,,,,0,,,0,,,,,,,,,,,,,,,,,,0,13.6,54.3,0,0,0,0,laranja,2,UTCI/proxy 32.8 entre 32 e 38; Tmax 34.6 sem gatilho; risco cumulativo 3d 11.55 atingiu laranja; onda de calor P95 ≥ 2 dias detectada; pressão assistencial indisponível; ocupação de leitos 45.65 sem gatilho; z-score assistencial indisponível; Autonomia de insumos indisponível/infinita; falhas infraestrutura % indisponível,2026-07-29,45.6541947478503,,,,,,,,INDICASUS_TEMPO_REAL_ESTADUAL_FALLBACK,
5107305,São José do Rio Claro,-13.593645454545454,-56.826,2026-07-29,São José do Rio Claro,-13.593645454545454,-56.826,32.7,22.2,,66.0,10.1,,openmeteo,27.450000000000003,40.93691312165117,31.940000000000005,27.5,p95_proxy_previsao_q70,0.0,0,0,0,0,0.0,0,27.11666666666667,26.707142857142856,,2.2342282804127933,6.449518448599486,,,,,,,,,,,,,,,,,,,,,,,,,0,,,,,,,,,,,,0,,,0,,,,,,,,,,,,,,,,,,0,22.9,91.8,0,0,0,0,amarela,1,UTCI/proxy 31.9 entre 26 e 32; Tmax 32.7 sem gatilho; risco cumulativo 3d 6.45 atingiu amarela; onda de calor P95 ≥ 2 dias não detectada; pressão assistencial indisponível; ocupação de leitos 8.25 sem gatilho; z-score assistencial indisponível; Autonomia de insumos indisponível/infinita; falhas infraestrutura % indisponível,2026-07-29,8.24742268041237,97,90,8,0,46,0,2026-06-19 07:00:00,INDICASUS_TEMPO_REAL,89.0
5107354,São José do Xingu,-10.6612,-52.58591764705882,2026-07-29,São José do Xingu,-10.6612,-52.58591764705882,33.5,22.6,,59.0,9.9,,openmeteo,28.05,40.43545014644454,32.46,27.5,p95_proxy_previsao_q70,0.5500000000000007,1,1,0,1,0.0,0,27.53333333333333,26.864285714285717,,3.118862536611136,9.459350006946684,,,,,,,,,,,,,,,,,,,,,,,,,0,,,,,,,,,,,,0,,,0,,,,,,,,,,,,,,,,,,0,13.6,54.3,0,0,0,0,laranja,2,UTCI/proxy 32.5 entre 32 e 38; Tmax 33.5 sem gatilho; risco cumulativo 3d 9.46 atingiu laranja; onda de calor P95 ≥ 2 dias não detectada; pressão assistencial indisponível; ocupação de leitos 45.65 sem gatilho; z-score assistencial indisponível; Autonomia de insumos indisponível/infinita; falhas infraestrutura % indisponível,2026-07-29,45.6541947478503,,,,,,,,INDICASUS_TEMPO_REAL_ESTADUAL_FALLBACK,
5107404,São Pedro da Cipa,-15.95760588235294,-54.775758823529415,2026-07-29,São Pedro da Cipa,-15.95760588235294,-54.775758823529415,35.4,25.3,,38.0,15.0,,openmeteo,30.35,37.35151383335114,33.6,28.970000000000002,p95_proxy_previsao_q70,1.379999999999999,1,2,1,1,1.379999999999999,2,29.7,28.3,,5.817878458337786,16.245908971131136,,,,,,,,,,,,,,,,,,,,,,,,,0,,,,,,,,,,,,0,,,0,,,,,,,,,,,,,,,,,,0,13.6,54.3,0,0,0,0,vermelha,3,UTCI/proxy 33.6 entre 32 e 38; Tmax 35.4 sem gatilho; risco cumulativo 3d 16.25 atingiu vermelha; onda de calor P95 ≥ 2 dias detectada; pressão assistencial indisponível; ocupação de leitos 45.65 sem gatilho; z-score assistencial indisponível; Autonomia de insumos indisponível/infinita; falhas infraestrutura % indisponível,2026-07-29,45.6541947478503,,,,,,,,INDICASUS_TEMPO_REAL_ESTADUAL_FALLBACK,
5107578,Rondolândia,-10.279269620253165,-60.98625063291139,2026-07-29,Rondolândia,-10.279269620253165,-60.98625063291139,30.1,23.2,,83.0,8.0,,openmeteo,26.65,38.8673819777512,30.020000000000003,28.23,p95_proxy_previsao_q70,0.0,0,0,0,0,0.0,0,27.766666666666666,27.892857142857142,,1.7168454944378002,13.870314127713401,,,,,,,,,,,,,,,,,,,,,,,,,0,,,,,,,,,,,,0,,,0,,,,,,,,,,,,,,,,,,0,5.2,21.0,0,0,0,0,vermelha,3,UTCI/proxy 30.0 entre 26 e 32; Tmax 30.1 sem gatilho; risco cumulativo 3d 13.87 atingiu vermelha; onda de calor P95 ≥ 2 dias não detectada; pressão assistencial indisponível; ocupação de leitos 79.00 atingiu amarela; z-score assistencial indisponível; Autonomia de insumos indisponível/infinita; falhas infraestrutura % indisponível,2026-07-29,79.0,100,100,79,0,2,0,2026-06-19 09:36:00,INDICASUS_TEMPO_REAL,21.0
5107602,Rondonópolis,-16.4673,-54.6372,2026-07-29,Rondonópolis,-16.53735483870968,-54.64182258064516,35.3,22.3,,44.0,13.4,,openmeteo,28.799999999999997,39.112703223357805,33.66,29.799999999999997,p95_proxy_previsao_q70,0.0,0,0,0,0,0.0,0,29.066666666666663,29.62,,3.438175805839448,10.94953947034614,,,,,,,,,,,,,,,,,,,,,,,,,0,,,,,,,,,,,,0,,,0,,,,,,,,,,,,,,,,,,0,25.0,100.0,0,0,0,0,laranja,2,UTCI/proxy 33.7 entre 32 e 38; Tmax 35.3 sem gatilho; risco cumulativo 3d 10.95 atingiu laranja; onda de calor P95 ≥ 2 dias não detectada; pressão assistencial indisponível; ocupação de leitos 0.00 sem gatilho; z-score assistencial indisponível; Autonomia de insumos indisponível/infinita; falhas infraestrutura % indisponível,2026-07-29,0.0,46,0,0,0,0,0,,INDICASUS_TEMPO_REAL,46.0
5107701,Rosário Oeste,-14.80204862385321,-55.964110091743116,2026-07-29,Rosário Oeste,-14.80204862385321,-55.964110091743116,35.2,25.4,,45.0,14.4,,openmeteo,30.3,39.25520441228449,33.60000000000001,29.96,p95_proxy_previsao_q70,0.33999999999999986,1,1,0,2,0.0,0,30.083333333333332,29.321428571428573,,3.7538011030711314,14.07363638661505,,,,,,,,,,,,,,,,,,,,,,,,,0,,,,,,,,,,,,0,,,0,,,,,,,,,,,,,,,,,,0,13.6,54.3,0,0,0,0,vermelha,3,UTCI/proxy 33.6 entre 32 e 38; Tmax 35.2 sem gatilho; risco cumulativo 3d 14.07 atingiu vermelha; onda de calor P95 ≥ 2 dias não detectada; pressão assistencial indisponível; ocupação de leitos 45.65 sem gatilho; z-score assistencial indisponível; Autonomia de insumos indisponível/infinita; falhas infraestrutura % indisponível,2026-07-29,45.6541947478503,,,,,,,,INDICASUS_TEMPO_REAL_ESTADUAL_FALLBACK,
5107743,Santa Cruz do Xingu,-10.094535,-52.513641666666665,2026-07-29,Santa Cruz do Xingu,-10.094535,-52.513641666666665,33.2,22.2,,64.0,7.9,,openmeteo,27.700000000000003,41.57512085523563,32.36000000000001,27.5,p95_proxy_previsao_q70,0.20000000000000284,1,1,0,1,0.0,0,27.05,26.821428571428573,,2.9537802138089173,8.302108441055648,,,,,,,,,,,,,,,,,,,,,,,,,0,,,,,,,,,,,,0,,,0,,,,,,,,,,,,,,,,,,0,13.6,54.3,0,0,0,0,laranja,2,UTCI/proxy 32.4 entre 32 e 38; Tmax 33.2 sem gatilho; risco cumulativo 3d 8.30 atingiu laranja; onda de calor P95 ≥ 2 dias não detectada; pressão assistencial indisponível; ocupação de leitos 45.65 sem gatilho; z-score assistencial indisponível; Autonomia de insumos indisponível/infinita; falhas infraestrutura % indisponível,2026-07-29,45.6541947478503,,,,,,,,INDICASUS_TEMPO_REAL_ESTADUAL_FALLBACK,
5107750,Salto do Céu,-15.033828125,-58.06936875,2026-07-29,Salto do Céu,-15.033828125,-58.06936875,33.2,24.8,,57.0,16.1,,openmeteo,29.0,38.95338184599126,32.080000000000005,27.5,p95_proxy_previsao_q70,1.5,1,2,1,1,1.5,2,28.13333333333333,26.571428571428573,,4.81834546149782,8.192983715364488,,,,,,,,,,,,,,,,,,,,,,,,,0,,,,,,,,,,,,0,,,0,,,,,,,,,,,,,,,,,,0,13.6,54.3,0,0,0,0,laranja,2,UTCI/proxy 32.1 entre 32 e 38; Tmax 33.2 sem gatilho; risco cumulativo 3d 8.19 atingiu laranja; onda de calor P95 ≥ 2 dias detectada; pressão assistencial indisponível; ocupação de leitos 45.65 sem gatilho; z-score assistencial indisponível; Autonomia de insumos indisponível/infinita; falhas infraestrutura % indisponível,2026-07-29,45.6541947478503,,,,,,,,INDICASUS_TEMPO_REAL_ESTADUAL_FALLBACK,
5107768,Santa Rita do Trivelato,-13.787464516129033,-55.30419193548387,2026-07-29,Santa Rita do Trivelato,-13.787464516129033,-55.30419193548387,34.1,24.1,,45.0,10.7,,openmeteo,29.1,37.00362247220458,32.50000000000001,28.509999999999998,p95_proxy_previsao_q70,0.5900000000000034,1,2,1,1,0.5900000000000034,1,28.71666666666667,28.12857142857143,,3.8409056180511563,9.555185030284516,,,,,,,,,,,,,,,,,,,,,,,,,0,,,,,,,,,,,,0,,,0,,,,,,,,,,,,,,,,,,0,13.6,54.3,0,0,0,0,laranja,2,UTCI/proxy 32.5 entre 32 e 38; Tmax 34.1 sem gatilho; risco cumulativo 3d 9.56 atingiu laranja; onda de calor P95 ≥ 2 dias detectada; pressão assistencial indisponível; ocupação de leitos 45.65 sem gatilho; z-score assistencial indisponível; Autonomia de insumos indisponível/infinita; falhas infraestrutura % indisponível,2026-07-29,45.6541947478503,,,,,,,,INDICASUS_TEMPO_REAL_ESTADUAL_FALLBACK,
5107776,Santa Terezinha,-10.350022857142857,-50.79375,2026-07-29,Santa Terezinha,-10.350022857142857,-50.79375,33.6,21.9,,65.0,7.6,,openmeteo,27.75,43.1590052296711,32.800000000000004,27.5,p95_proxy_previsao_q70,0.25,1,1,0,1,0.0,0,27.166666666666668,26.964285714285715,,3.83975130741778,10.699080233519986,,,,,,,,,,,,,,,,,,,,,,,,,0,,,,,,,,,,,,0,,,0,,,,,,,,,,,,,,,,,,0,23.3,93.3,0,0,0,0,laranja,2,UTCI/proxy 32.8 entre 32 e 38; Tmax 33.6 sem gatilho; risco cumulativo 3d 10.70 atingiu laranja; onda de calor P95 ≥ 2 dias não detectada; pressão assistencial indisponível; ocupação de leitos 6.67 sem gatilho; z-score assistencial indisponível; Autonomia de insumos indisponível/infinita; falhas infraestrutura % indisponível,2026-07-29,6.66666666666667,30,30,2,0,47,0,2026-06-19 00:00:00,INDICASUS_TEMPO_REAL,28.0
5107792,Santo Antônio do Leste,-14.786763414634146,-53.68850731707317,2026-07-29,Santo Antônio do Leste,-14.786763414634146,-53.68850731707317,35.1,23.9,,37.0,11.2,,openmeteo,29.5,36.5300096018756,33.300000000000004,28.919999999999998,p95_proxy_previsao_q70,0.5800000000000018,1,1,0,2,0.0,0,29.016666666666666,28.32857142857143,,3.0125024004689056,6.734102059071155,,,,,,,,,,,,,,,,,,,,,,,,,0,,,,,,,,,,,,0,,,0,,,,,,,,,,,,,,,,,,0,13.6,54.3,0,0,0,0,laranja,2,UTCI/proxy 33.3 entre 32 e 38; Tmax 35.1 sem gatilho; risco cumulativo 3d 6.73 atingiu amarela; onda de calor P95 ≥ 2 dias não detectada; pressão assistencial indisponível; ocupação de leitos 45.65 sem gatilho; z-score assistencial indisponível; Autonomia de insumos indisponível/infinita; falhas infraestrutura % indisponível,2026-07-29,45.6541947478503,,,,,,,,INDICASUS_TEMPO_REAL_ESTADUAL_FALLBACK,
5107800,Santo Antônio de Leverger,-16.43772183908046,-55.407409195402295,2026-07-29,Santo Antônio de Leverger,-16.43772183908046,-55.407409195402295,34.7,23.6,,48.0,14.0,,openmeteo,29.150000000000002,39.239634942371076,33.220000000000006,27.86,p95_proxy_previsao_q70,1.2900000000000027,1,1,0,2,0.0,0,28.3,27.38571428571429,,4.319908735592778,13.340214178206137,,,,,,,,,,,,,,,,,,,,,,,,,0,,,,,,,,,,,,0,,,0,,,,,,,,,,,,,,,,,,0,13.6,54.3,0,0,0,0,vermelha,3,UTCI/proxy 33.2 entre 32 e 38; Tmax 34.7 sem gatilho; risco cumulativo 3d 13.34 atingiu vermelha; onda de calor P95 ≥ 2 dias não detectada; pressão assistencial indisponível; ocupação de leitos 45.65 sem gatilho; z-score assistencial indisponível; Autonomia de insumos indisponível/infinita; falhas infraestrutura % indisponível,2026-07-29,45.6541947478503,,,,,,,,INDICASUS_TEMPO_REAL_ESTADUAL_FALLBACK,
5107859,São Félix do Araguaia,-11.504739705882354,-51.96255220588235,2026-07-29,São Félix do Araguaia,-11.504739705882354,-51.96255220588235,34.8,22.9,,51.0,7.3,,openmeteo,28.849999999999998,40.58963742801788,33.44,28.419999999999998,p95_proxy_previsao_q70,0.4299999999999997,1,1,0,2,0.0,0,28.583333333333332,27.907142857142855,,4.0174093570044676,11.974457391541735,,,,,,,,,,,,,,,,,,,,,,,,,0,,,,,,,,,,,,0,,,0,,,,,,,,,,,,,,,,,,0,13.6,54.3,0,0,0,0,laranja,2,UTCI/proxy 33.4 entre 32 e 38; Tmax 34.8 sem gatilho; risco cumulativo 3d 11.97 atingiu laranja; onda de calor P95 ≥ 2 dias não detectada; pressão assistencial indisponível; ocupação de leitos 45.65 sem gatilho; z-score assistencial indisponível; Autonomia de insumos indisponível/infinita; falhas infraestrutura % indisponível,2026-07-29,45.6541947478503,,,,,,,,INDICASUS_TEMPO_REAL_ESTADUAL_FALLBACK,
5107875,Sapezal,-12.929598876404496,-58.655430337078656,2026-07-29,Sapezal,-12.929598876404496,-58.655430337078656,31.1,23.2,,70.0,10.7,,openmeteo,27.15,37.86849669121564,30.500000000000007,27.56,p95_proxy_previsao_q70,0.0,0,0,0,0,0.0,0,27.3,27.157142857142855,,1.46712417280391,3.6702472470194945,,,,,,,,,,,,,,,,,,,,,,,,,0,,,,,,,,,,,,0,,,0,,,,,,,,,,,,,,,,,,0,13.6,54.3,0,0,0,0,amarela,1,UTCI/proxy 30.5 entre 26 e 32; Tmax 31.1 sem gatilho; risco cumulativo 3d 3.67 atingiu amarela; onda de calor P95 ≥ 2 dias não detectada; pressão assistencial indisponível; ocupação de leitos 45.65 sem gatilho; z-score assistencial indisponível; Autonomia de insumos indisponível/infinita; falhas infraestrutura % indisponível,2026-07-29,45.6541947478503,,,,,,,,INDICASUS_TEMPO_REAL_ESTADUAL_FALLBACK,
5107883,Serra Nova Dourada,-12.029541860465116,-51.34929999999999,2026-07-29,Serra Nova Dourada,-12.029541860465116,-51.34929999999999,36.3,25.3,,37.0,12.4,,openmeteo,30.799999999999997,38.704748439635665,34.5,29.86,p95_proxy_previsao_q70,0.9399999999999977,1,1,0,2,0.0,0,30.066666666666666,29.764285714285712,,5.116187109908914,14.62424181818172,,,,,,,,,,,,,,,,,,,,,,,,,0,,,,,,,,,,,,0,,,0,,,,,,,,,,,,,,,,,,0,13.6,54.3,0,0,0,0,vermelha,3,UTCI/proxy 34.5 entre 32 e 38; Tmax 36.3 sem gatilho; risco cumulativo 3d 14.62 atingiu vermelha; onda de calor P95 ≥ 2 dias não detectada; pressão assistencial indisponível; ocupação de leitos 45.65 sem gatilho; z-score assistencial indisponível; Autonomia de insumos indisponível/infinita; falhas infraestrutura % indisponível,2026-07-29,45.6541947478503,,,,,,,,INDICASUS_TEMPO_REAL_ESTADUAL_FALLBACK,
5107909,Sinop,-11.8604,-55.5091,2026-07-29,Sinop,-11.730557894736842,-55.48996666666667,33.4,24.1,,58.0,9.3,,openmeteo,28.75,39.80531268339558,32.32,30.3,p95_proxy_previsao_q70,0.0,0,0,0,0,0.0,0,28.2,30.019999999999996,,2.2713281708488946,7.781765505890581,,,,,,,,,,,,,,,,,,,,,,,,,0,,,,,,,,,,,,0,,,0,,,,,,,,,,,,,,,,,,0,13.6,54.3,0,0,0,0,laranja,2,UTCI/proxy 32.3 entre 32 e 38; Tmax 33.4 sem gatilho; risco cumulativo 3d 7.78 atingiu laranja; onda de calor P95 ≥ 2 dias não detectada; pressão assistencial indisponível; ocupação de leitos 45.65 sem gatilho; z-score assistencial indisponível; Autonomia de insumos indisponível/infinita; falhas infraestrutura % indisponível,2026-07-29,45.6541947478503,,,,,,,,INDICASUS_TEMPO_REAL_ESTADUAL_FALLBACK,
5107925,Sorriso,-12.5425,-55.7211,2026-07-29,Sorriso,-12.766423232323232,-55.63056464646465,35.0,25.1,,46.0,10.3,,openmeteo,30.05,39.181918055555634,33.440000000000005,29.950000000000003,p95_proxy_previsao_q70,0.09999999999999787,1,1,0,7,0.0,0,29.416666666666668,29.928333333333335,,3.3354795138889113,11.385771284521123,,,,,,,,,,,,,,,,,,,,,,,,,0,,,,,,,,,,,,0,,,0,,,,,,,,,,,,,,,,,,0,13.6,54.3,0,0,0,0,laranja,2,UTCI/proxy 33.4 entre 32 e 38; Tmax 35.0 sem gatilho; risco cumulativo 3d 11.39 atingiu laranja; onda de calor P95 ≥ 2 dias não detectada; pressão assistencial indisponível; ocupação de leitos 45.65 sem gatilho; z-score assistencial indisponível; Autonomia de insumos indisponível/infinita; falhas infraestrutura % indisponível,2026-07-29,45.6541947478503,,,,,,,,INDICASUS_TEMPO_REAL_ESTADUAL_FALLBACK,
5107941,Tabaporã,-11.151295061728396,-56.5609049382716,2026-07-29,Tabaporã,-11.151295061728396,-56.5609049382716,32.0,22.8,,75.0,10.3,,openmeteo,27.4,42.310912775111326,31.6,27.5,p95_proxy_previsao_q70,0.0,0,0,0,0,0.0,0,27.399999999999995,27.25714285714286,,2.5777281937778316,7.848206835066735,,,,,,,,,,,,,,,,,,,,,,,,,0,,,,,,,,,,,,0,,,0,,,,,,,,,,,,,,,,,,0,13.6,54.3,0,0,0,0,laranja,2,UTCI/proxy 31.6 entre 26 e 32; Tmax 32.0 sem gatilho; risco cumulativo 3d 7.85 atingiu laranja; onda de calor P95 ≥ 2 dias não detectada; pressão assistencial indisponível; ocupação de leitos 45.65 sem gatilho; z-score assistencial indisponível; Autonomia de insumos indisponível/infinita; falhas infraestrutura % indisponível,2026-07-29,45.6541947478503,,,,,,,,INDICASUS_TEMPO_REAL_ESTADUAL_FALLBACK,
5107958,Tangará da Serra,-14.6229,-57.4933,2026-07-29,Tangará da Serra,-14.561389523809524,-58.002052380952385,33.3,24.6,,60.0,15.8,,openmeteo,28.95,40.2929255059178,32.3,30.11,p95_proxy_previsao_q70,0.0,0,0,0,0,0.0,0,28.2,29.53666666666667,,2.3732313764794473,6.040895560946126,,,,,,,,,,,,,,,,,,,,,,,,,0,,,,,,,,,,,,0,,,0,,,,,,,,,,,,,,,,,,0,13.6,54.3,0,0,0,0,laranja,2,UTCI/proxy 32.3 entre 32 e 38; Tmax 33.3 sem gatilho; risco cumulativo 3d 6.04 atingiu amarela; onda de calor P95 ≥ 2 dias não detectada; pressão assistencial indisponível; ocupação de leitos 45.65 sem gatilho; z-score assistencial indisponível; Autonomia de insumos indisponível/infinita; falhas infraestrutura % indisponível,2026-07-29,45.6541947478503,,,,,,,,INDICASUS_TEMPO_REAL_ESTADUAL_FALLBACK,
5108006,Tapurah,-12.578892452830187,-56.55759245283019,2026-07-29,Tapurah,-12.578892452830187,-56.55759245283019,33.1,23.0,,67.0,7.7,,openmeteo,28.05,42.50800596027561,32.38,27.55,p95_proxy_previsao_q70,0.5,1,1,0,1,0.0,0,27.633333333333336,27.357142857142858,,3.5070014900689053,9.35801563123782,,,,,,,,,,,,,,,,,,,,,,,,,0,,,,,,,,,,,,0,,,0,,,,,,,,,,,,,,,,,,0,13.6,54.3,0,0,0,0,laranja,2,UTCI/proxy 32.4 entre 32 e 38; Tmax 33.1 sem gatilho; risco cumulativo 3d 9.36 atingiu laranja; onda de calor P95 ≥ 2 dias não detectada; pressão assistencial indisponível; ocupação de leitos 45.65 sem gatilho; z-score assistencial indisponível; Autonomia de insumos indisponível/infinita; falhas infraestrutura % indisponível,2026-07-29,45.6541947478503,,,,,,,,INDICASUS_TEMPO_REAL_ESTADUAL_FALLBACK,
5108055,Terra Nova do Norte,-10.556793548387096,-55.01206774193548,2026-07-29,Terra Nova do Norte,-10.556793548387096,-55.01206774193548,33.5,23.3,,62.0,6.5,,openmeteo,28.4,41.61330267727783,32.580000000000005,28.319999999999997,p95_proxy_previsao_q70,0.08000000000000185,1,1,0,2,0.0,0,28.316666666666663,28.035714285714285,,3.0633256693194646,8.568544949699485,,,,,,,,,,,,,,,,,,,,,,,,,0,,,,,,,,,,,,0,,,0,,,,,,,,,,,,,,,,,,0,13.6,54.3,0,0,0,0,laranja,2,UTCI/proxy 32.6 entre 32 e 38; Tmax 33.5 sem gatilho; risco cumulativo 3d 8.57 atingiu laranja; onda de calor P95 ≥ 2 dias não detectada; pressão assistencial indisponível; ocupação de leitos 45.65 sem gatilho; z-score assistencial indisponível; Autonomia de insumos indisponível/infinita; falhas infraestrutura % indisponível,2026-07-29,45.6541947478503,,,,,,,,INDICASUS_TEMPO_REAL_ESTADUAL_FALLBACK,
5108105,Tesouro,-15.920519642857142,-53.45928392857143,2026-07-29,Tesouro,-15.920519642857142,-53.45928392857143,35.5,23.5,,34.0,12.8,,openmeteo,29.5,36.39240091105566,33.7,28.23,p95_proxy_previsao_q70,1.2699999999999996,1,2,1,1,1.2699999999999996,2,28.733333333333334,27.692857142857143,,5.568100227763917,12.19754344216393,,,,,,,,,,,,,,,,,,,,,,,,,0,,,,,,,,,,,,0,,,0,,,,,,,,,,,,,,,,,,0,13.6,54.3,0,0,0,0,vermelha,3,UTCI/proxy 33.7 entre 32 e 38; Tmax 35.5 sem gatilho; risco cumulativo 3d 12.20 atingiu vermelha; onda de calor P95 ≥ 2 dias detectada; pressão assistencial indisponível; ocupação de leitos 45.65 sem gatilho; z-score assistencial indisponível; Autonomia de insumos indisponível/infinita; falhas infraestrutura % indisponível,2026-07-29,45.6541947478503,,,,,,,,INDICASUS_TEMPO_REAL_ESTADUAL_FALLBACK,
5108204,Torixoréu,-16.292112195121952,-52.878797560975606,2026-07-29,Torixoréu,-16.292112195121952,-52.878797560975606,35.5,24.1,,32.0,12.8,,openmeteo,29.8,35.8793204299445,33.7,28.56,p95_proxy_previsao_q70,1.240000000000002,1,1,0,2,0.0,0,29.03333333333333,27.814285714285713,,3.9098301074861297,7.9177845077211675,,,,,,,,,,,,,,,,,,,,,,,,,0,,,,,,,,,,,,0,,,0,,,,,,,,,,,,,,,,,,0,13.6,54.3,0,0,0,0,laranja,2,UTCI/proxy 33.7 entre 32 e 38; Tmax 35.5 sem gatilho; risco cumulativo 3d 7.92 atingiu laranja; onda de calor P95 ≥ 2 dias não detectada; pressão assistencial indisponível; ocupação de leitos 45.65 sem gatilho; z-score assistencial indisponível; Autonomia de insumos indisponível/infinita; falhas infraestrutura % indisponível,2026-07-29,45.6541947478503,,,,,,,,INDICASUS_TEMPO_REAL_ESTADUAL_FALLBACK,
5108303,União do Sul,-11.496455555555556,-54.315755555555555,2026-07-29,União do Sul,-11.496455555555556,-54.315755555555555,33.5,22.3,,62.0,9.0,,openmeteo,27.9,41.61330267727783,32.580000000000005,27.5,p95_proxy_previsao_q70,0.3999999999999986,1,1,0,1,0.0,0,27.333333333333332,26.785714285714285,,3.3833256693194613,11.192409648542842,,,,,,,,,,,,,,,,,,,,,,,,,0,,,,,,,,,,,,0,,,0,,,,,,,,,,,,,,,,,,0,13.6,54.3,0,0,0,0,laranja,2,UTCI/proxy 32.6 entre 32 e 38; Tmax 33.5 sem gatilho; risco cumulativo 3d 11.19 atingiu laranja; onda de calor P95 ≥ 2 dias não detectada; pressão assistencial indisponível; ocupação de leitos 45.65 sem gatilho; z-score assistencial indisponível; Autonomia de insumos indisponível/infinita; falhas infraestrutura % indisponível,2026-07-29,45.6541947478503,,,,,,,,INDICASUS_TEMPO_REAL_ESTADUAL_FALLBACK,
5108352,Vale de São Domingos,-15.039315217391303,-58.984728260869566,2026-07-29,Vale de São Domingos,-15.039315217391303,-58.984728260869566,30.2,22.0,,68.0,13.2,,openmeteo,26.1,35.032162923004655,29.520000000000003,27.5,p95_proxy_previsao_q70,0.0,0,0,0,0,0.0,0,26.783333333333335,25.964285714285715,,0.7580407307511638,4.190615146820074,,,,,,,,,,,,,,,,,,,,,,,,,0,,,,,,,,,,,,0,,,0,,,,,,,,,,,,,,,,,,0,13.6,54.3,0,0,0,0,amarela,1,UTCI/proxy 29.5 entre 26 e 32; Tmax 30.2 sem gatilho; risco cumulativo 3d 4.19 atingiu amarela; onda de calor P95 ≥ 2 dias não detectada; pressão assistencial indisponível; ocupação de leitos 45.65 sem gatilho; z-score assistencial indisponível; Autonomia de insumos indisponível/infinita; falhas infraestrutura % indisponível,2026-07-29,45.6541947478503,,,,,,,,INDICASUS_TEMPO_REAL_ESTADUAL_FALLBACK,
5108402,Várzea Grande,-15.6467,-56.1325,2026-07-29,Várzea Grande,-15.57988148148148,-56.22541111111111,35.9,26.5,,43.0,17.4,,openmeteo,31.2,40.02134718139553,34.22,30.58,p95_proxy_previsao_q70,0.620000000000001,1,3,1,6,0.620000000000001,1,30.8,30.493333333333332,,6.3453367953488815,19.77024085369282,,,,,,,,,,,,,,,,,,,,,,,,,0,,,,,,,,,,,,0,,,0,,,,,,,,,,,,,,,,,,0,25.0,100.0,0,0,0,0,roxa,4,UTCI/proxy 34.2 entre 32 e 38; Tmax 35.9 sem gatilho; risco cumulativo 3d 19.77 atingiu roxa; onda de calor P95 ≥ 2 dias detectada; pressão assistencial indisponível; ocupação de leitos 0.00 sem gatilho; z-score assistencial indisponível; Autonomia de insumos indisponível/infinita; falhas infraestrutura % indisponível,2026-07-29,0.0,37,27,0,0,0,0,,INDICASUS_TEMPO_REAL,37.0
5108501,Vera,-12.551433333333334,-55.33916666666667,2026-07-29,Vera,-12.551433333333334,-55.33916666666667,34.0,23.8,,51.0,10.5,,openmeteo,28.9,38.734332793777895,32.64,27.92,p95_proxy_previsao_q70,0.9799999999999969,1,2,1,1,0.9799999999999969,1,28.316666666666663,27.7,,4.803583198444471,11.841802880073377,,,,,,,,,,,,,,,,,,,,,,,,,0,,,,,,,,,,,,0,,,0,,,,,,,,,,,,,,,,,,0,13.6,54.3,0,0,0,0,laranja,2,UTCI/proxy 32.6 entre 32 e 38; Tmax 34.0 sem gatilho; risco cumulativo 3d 11.84 atingiu laranja; onda de calor P95 ≥ 2 dias detectada; pressão assistencial indisponível; ocupação de leitos 45.65 sem gatilho; z-score assistencial indisponível; Autonomia de insumos indisponível/infinita; falhas infraestrutura % indisponível,2026-07-29,45.6541947478503,,,,,,,,INDICASUS_TEMPO_REAL_ESTADUAL_FALLBACK,
5108600,Vila Rica,-10.075237878787878,-51.47337878787879,2026-07-29,Vila Rica,-10.075237878787878,-51.47337878787879,33.2,21.9,,63.0,12.1,,openmeteo,27.55,41.17831338780448,32.32000000000001,27.5,p95_proxy_previsao_q70,0.05000000000000071,1,1,0,1,0.0,0,27.366666666666664,27.22857142857143,,2.664578346951128,9.601908686253356,,,,,,,,,,,,,,,,,,,,,,,,,0,,,,,,,,,,,,0,,,0,,,,,,,,,,,,,,,,,,0,13.6,54.3,0,0,0,0,laranja,2,UTCI/proxy 32.3 entre 32 e 38; Tmax 33.2 sem gatilho; risco cumulativo 3d 9.60 atingiu laranja; onda de calor P95 ≥ 2 dias não detectada; pressão assistencial indisponível; ocupação de leitos 45.65 sem gatilho; z-score assistencial indisponível; Autonomia de insumos indisponível/infinita; falhas infraestrutura % indisponível,2026-07-29,45.6541947478503,,,,,,,,INDICASUS_TEMPO_REAL_ESTADUAL_FALLBACK,
5108808,Nova Guarita,-10.246295652173913,-55.376239130434776,2026-07-29,Nova Guarita,-10.246295652173913,-55.376239130434776,34.4,23.3,,71.0,5.1,,openmeteo,28.85,48.709005039537566,33.84,28.27,p95_proxy_previsao_q70,0.5800000000000018,1,2,1,1,0.5800000000000018,1,28.483333333333334,28.157142857142855,,8.097251259884397,17.394752405593266,,,,,,,,,,,,,,,,,,,,,,,,,0,,,,,,,,,,,,0,,,0,,,,,,,,,,,,,,,,,,0,13.6,54.3,0,0,0,0,vermelha,3,UTCI/proxy 33.8 entre 32 e 38; Tmax 34.4 sem gatilho; risco cumulativo 3d 17.39 atingiu vermelha; onda de calor P95 ≥ 2 dias detectada; pressão assistencial indisponível; ocupação de leitos 45.65 sem gatilho; z-score assistencial indisponível; Autonomia de insumos indisponível/infinita; falhas infraestrutura % indisponível,2026-07-29,45.6541947478503,,,,,,,,INDICASUS_TEMPO_REAL_ESTADUAL_FALLBACK,
5108857,Nova Marilândia,-14.293797727272727,-57.30249318181818,2026-07-29,Nova Marilândia,-14.293797727272727,-57.30249318181818,33.6,24.4,,59.0,12.0,,openmeteo,29.0,40.69638615836449,32.56,28.11,p95_proxy_previsao_q70,0.8900000000000006,1,1,0,2,0.0,0,28.133333333333336,27.285714285714285,,3.6240965395911253,11.260539975059485,,,,,,,,,,,,,,,,,,,,,,,,,0,,,,,,,,,,,,0,,,0,,,,,,,,,,,,,,,,,,0,13.6,54.3,0,0,0,0,laranja,2,UTCI/proxy 32.6 entre 32 e 38; Tmax 33.6 sem gatilho; risco cumulativo 3d 11.26 atingiu laranja; onda de calor P95 ≥ 2 dias não detectada; pressão assistencial indisponível; ocupação de leitos 45.65 sem gatilho; z-score assistencial indisponível; Autonomia de insumos indisponível/infinita; falhas infraestrutura % indisponível,2026-07-29,45.6541947478503,,,,,,,,INDICASUS_TEMPO_REAL_ESTADUAL_FALLBACK,
5108907,Nova Maringá,-12.715357281553398,-57.24905436893204,2026-07-29,Nova Maringá,-12.715357281553398,-57.24905436893204,32.0,22.3,,73.0,9.4,,openmeteo,27.15,41.53152559155571,31.520000000000003,27.5,p95_proxy_previsao_q70,0.0,0,0,0,0,0.0,0,27.2,26.942857142857143,,2.3828813978889283,7.910603992911138,,,,,,,,,,,,,,,,,,,,,,,,,0,,,,,,,,,,,,0,,,0,,,,,,,,,,,,,,,,,,0,13.6,54.3,0,0,0,0,laranja,2,UTCI/proxy 31.5 entre 26 e 32; Tmax 32.0 sem gatilho; risco cumulativo 3d 7.91 atingiu laranja; onda de calor P95 ≥ 2 dias não detectada; pressão assistencial indisponível; ocupação de leitos 45.65 sem gatilho; z-score assistencial indisponível; Autonomia de insumos indisponível/infinita; falhas infraestrutura % indisponível,2026-07-29,45.6541947478503,,,,,,,,INDICASUS_TEMPO_REAL_ESTADUAL_FALLBACK,
5108956,Nova Monte Verde,-9.934848387096775,-57.259295161290325,2026-07-29,Nova Monte Verde,-9.934848387096775,-57.259295161290325,26.1,23.2,,93.0,11.7,,openmeteo,24.65,26.1,26.42,27.5,p95_proxy_previsao_q70,0.0,0,0,0,0,0.0,0,26.45,26.87142857142857,,0.0,8.007053778975585,,,,,,,,,,,,,,,,,,,,,,,,,0,,,,,,,,,,,,0,,,0,,,,,,,,,,,,,,,,,,0,5.2,20.9,0,0,0,0,laranja,2,UTCI/proxy 26.4 entre 26 e 32; Tmax 26.1 sem gatilho; risco cumulativo 3d 8.01 atingiu laranja; onda de calor P95 ≥ 2 dias não detectada; pressão assistencial indisponível; ocupação de leitos 79.10 atingiu amarela; z-score assistencial indisponível; Autonomia de insumos indisponível/infinita; falhas infraestrutura % indisponível,2026-07-29,79.0996784565916,311,311,246,170,58,5,2026-06-19 10:22:00,INDICASUS_TEMPO_REAL,65.0
